Township,Area,State,Tenure,Type,Median_Price,Median_PSF,Transactions
SCIENTEX SUNGAI DUA,TASEK GELUGOR,PENANG,FREEHOLD,TERRACE HOUSE,331800.0,304.0,104
BANDAR PUTRA,KULAI,JOHOR,FREEHOLD,CLUSTER HOUSE,590900.0,322.0,175
BANDAR PUTRA,KULAI,JOHOR,FREEHOLD,TERRACE HOUSE,590900.0,322.0,104
TAMAN LAGENDA TROPIKA TAPAH,CHENDERIANG,PERAK,FREEHOLD,TERRACE HOUSE,229954.0,130.0,104
SCIENTEX JASIN MUTIARA,BEMBAN,MELAKA,FREEHOLD,TERRACE HOUSE,255600.0,218.0,104
TAMAN LAGENDA AMAN,TAPAH,PERAK,LEASEHOLD,TERRACE HOUSE,219300.0,168.0,104
TAMAN IMPIAN EMAS,TEBRAU,JOHOR,FREEHOLD,SEMI D,738000.0,328.0,84
TAMAN IMPIAN EMAS,TEBRAU,JOHOR,FREEHOLD,TERRACE HOUSE,738000.0,328.0,104
TAMAN KOTA MASAI,PASIR GUDANG,JOHOR,FREEHOLD,TERRACE HOUSE,345000.0,323.0,104
TAMAN LAGENDA TELUK INTAN,TELUK INTAN,PERAK,LEASEHOLD,CLUSTER HOUSE,236594.0,126.0,175
TAMAN LAGENDA TELUK INTAN,TELUK INTAN,PERAK,LEASEHOLD,TERRACE HOUSE,236594.0,126.0,104
BANDAR SCIENTEX JASIN,JASIN,MELAKA,FREEHOLD,TERRACE HOUSE,180000.0,188.0,104
BANDAR BUKIT RAJA,KAPAR,SELANGOR,FREEHOLD,TERRACE HOUSE,793888.0,496.0,104
TAMAN IMPIANA KESANG,BEMBAN,MELAKA,LEASEHOLD,TERRACE HOUSE,128730.0,92.0,104
TAMAN BUKIT INDAH,ISKANDAR PUTERI (NUSAJAYA),JOHOR,FREEHOLD,TERRACE HOUSE,695000.0,425.0,104
TAMAN NUSA SERI CENGAL 2 & 3,NILAI,NEGERI SEMBILAN,LEASEHOLD,TERRACE HOUSE,359000.0,194.0,104
BANDAR DATO' ONN,TEBRAU,JOHOR,FREEHOLD,SEMI D,750000.0,450.0,84
BANDAR DATO' ONN,TEBRAU,JOHOR,FREEHOLD,TERRACE HOUSE,750000.0,450.0,104
TAMAN UNIVERSITI,SKUDAI,JOHOR,FREEHOLD,TERRACE HOUSE,394000.0,307.0,104
TAMAN JOHOR JAYA,JOHOR BAHRU,JOHOR,FREEHOLD,TERRACE HOUSE,450000.0,326.0,104
TAMAN PUTERA INDAH,BATU PAHAT,JOHOR,FREEHOLD,CLUSTER HOUSE,400000.0,214.0,175
TAMAN PUTERA INDAH,BATU PAHAT,JOHOR,FREEHOLD,TERRACE HOUSE,400000.0,214.0,104
TAMAN KIRANA,KLUANG,JOHOR,LEASEHOLD,TERRACE HOUSE,170800.0,125.0,104
TAMAN BESTARI INDAH,ULU TIRAM,JOHOR,FREEHOLD,TERRACE HOUSE,832000.0,471.0,104
TAMAN MUTIARA RINI,SKUDAI,JOHOR,LEASEHOLD,TERRACE HOUSE,672000.0,396.0,104
TAMAN BUKIT PERDANA,KLUANG,JOHOR,FREEHOLD,CLUSTER HOUSE,343400.0,140.0,175
TAMAN SCIENTEX,PASIR GUDANG,JOHOR,FREEHOLD,CLUSTER HOUSE,380000.0,387.0,175
TAMAN SCIENTEX,PASIR GUDANG,JOHOR,FREEHOLD,TERRACE HOUSE,380000.0,387.0,104
BANDAR BARU PERMAS JAYA,PERMAS JAYA,JOHOR,FREEHOLD,TERRACE HOUSE,500000.0,392.0,104
TAMAN DAYA,TEBRAU,JOHOR,FREEHOLD,CLUSTER HOUSE,504000.0,331.0,172
TAMAN DAYA,TEBRAU,JOHOR,FREEHOLD,TERRACE HOUSE,504000.0,331.0,104
HORIZON HILLS,ISKANDAR PUTERI (NUSAJAYA),JOHOR,FREEHOLD,TERRACE HOUSE,1180000.0,500.0,104
BUKIT SENTOSA,SERENDAH,SELANGOR,FREEHOLD,BUNGALOW,290000.0,232.0,70
BUKIT SENTOSA,SERENDAH,SELANGOR,FREEHOLD,TERRACE HOUSE,290000.0,232.0,104
D'SUMMIT RESIDENCES,SKUDAI,JOHOR,FREEHOLD,SERVICE RESIDENCE,452900.0,602.0,50
BANDAR BARU SRI KLEBANG,CHEMOR,PERAK,FREEHOLD,SEMI D,472800.0,235.0,84
BANDAR BARU SRI KLEBANG,CHEMOR,PERAK,FREEHOLD,TERRACE HOUSE,472800.0,235.0,104
TAMAN DESA TEBRAU,TEBRAU,JOHOR,FREEHOLD,CLUSTER HOUSE,930000.0,470.0,163
TAMAN DESA TEBRAU,TEBRAU,JOHOR,FREEHOLD,TERRACE HOUSE,930000.0,470.0,104
TAMAN PAGOH JAYA - TR 428,PAGOH,JOHOR,FREEHOLD,TERRACE HOUSE,80000.0,74.0,104
TAMAN AROWANA [LENGGENG],LENGGENG,NEGERI SEMBILAN,LEASEHOLD,TERRACE HOUSE,476240.0,310.0,104
TAMAN PERLING,PERLING,JOHOR,FREEHOLD,TERRACE HOUSE,527500.0,286.0,104
LAYANGGKASA,PASIR GUDANG,JOHOR,FREEHOLD,TERRACE HOUSE,551650.0,384.0,104
INDAHPURA,KULAI,JOHOR,FREEHOLD,TERRACE HOUSE,680000.0,377.0,104
TAMAN BUNGA RAYA,SERENDAH,SELANGOR,LEASEHOLD,TERRACE HOUSE,200000.0,186.0,104
TAMAN SEPADU JAYA (D'HALONA PLACE),PENAGA,PENANG,FREEHOLD,TERRACE HOUSE,307000.0,277.0,104
TAMAN SENTOSA,KLANG,SELANGOR,FREEHOLD,TERRACE HOUSE,450000.0,357.0,104
TAMAN ANJUNG SUNGAI PETAI,SUNGEI PETAI,MELAKA,FREEHOLD,SEMI D,298800.0,194.0,84
TAMAN ANJUNG SUNGAI PETAI,SUNGEI PETAI,MELAKA,FREEHOLD,TERRACE HOUSE,298800.0,194.0,104
SEKSYEN 30 SHAH ALAM,SHAH ALAM,SELANGOR,FREEHOLD,SEMI D,495000.0,308.0,84
SEKSYEN 30 SHAH ALAM,SHAH ALAM,SELANGOR,FREEHOLD,TERRACE HOUSE,495000.0,308.0,104
TAMAN PUTERI WANGSA,ULU TIRAM,JOHOR,FREEHOLD,TERRACE HOUSE,450000.0,294.0,104
TAMAN SERAI RESIDENSI,PADANG SERAI,KEDAH,FREEHOLD,SEMI D,199800.0,143.0,84
TAMAN SERAI RESIDENSI,PADANG SERAI,KEDAH,FREEHOLD,TERRACE HOUSE,199800.0,143.0,104
TANJUNG PUTERI RESORT,PASIR GUDANG,JOHOR,FREEHOLD,BUNGALOW,397800.0,258.0,70
TANJUNG PUTERI RESORT,PASIR GUDANG,JOHOR,FREEHOLD,TERRACE HOUSE,397800.0,258.0,104
BANDAR BARU SETIA AWAN PERDANA,SITIAWAN,PERAK,FREEHOLD,CLUSTER HOUSE,245000.0,139.0,128
BANDAR BARU SETIA AWAN PERDANA,SITIAWAN,PERAK,FREEHOLD,TERRACE HOUSE,245000.0,139.0,104
TAMAN SRI IMPIAN / BANDAR SRI IMPIAN,KLUANG,JOHOR,FREEHOLD,TERRACE HOUSE,419444.0,200.0,104
BANDAR SERI COALFIELDS,IJOK,SELANGOR,FREEHOLD,CLUSTER HOUSE,913800.0,432.0,123
BANDAR SERI COALFIELDS,IJOK,SELANGOR,FREEHOLD,TERRACE HOUSE,913800.0,432.0,104
TAMAN TASIK UTAMA,BUKIT KATIL,MELAKA,LEASEHOLD,TERRACE HOUSE,270000.0,175.0,104
PULAU INDAH,KLANG,SELANGOR,FREEHOLD,TERRACE HOUSE,350000.0,252.0,104
TAMAN UNGKU TUN AMINAH,SKUDAI,JOHOR,FREEHOLD,TERRACE HOUSE,530000.0,322.0,104
ELMINA WEST,SHAH ALAM,SELANGOR,FREEHOLD,TERRACE HOUSE,1060888.0,550.0,104
TAMAN SETIA INDAH,TEBRAU,JOHOR,FREEHOLD,TERRACE HOUSE,610000.0,382.0,104
SEKSYEN 29 SHAH ALAM,SHAH ALAM,SELANGOR,LEASEHOLD,TERRACE HOUSE,472800.0,309.0,104
TAMAN BANANG JAYA,BATU PAHAT,JOHOR,FREEHOLD,TERRACE HOUSE,618500.0,388.0,104
TAMAN SAUJANA,KLUANG,JOHOR,FREEHOLD,TERRACE HOUSE,150000.0,107.0,104
FLAT TAMAN UNGKU TUN AMINAH,SKUDAI,JOHOR,FREEHOLD,FLAT,140000.0,283.0,48
MERIDIN EAST,PASIR GUDANG,JOHOR,FREEHOLD,TERRACE HOUSE,580000.0,414.0,104
TAMAN SKUDAI BARU,SKUDAI,JOHOR,FREEHOLD,TERRACE HOUSE,435000.0,325.0,104
TAMAN MUTIARA BESTARI,SKUDAI,JOHOR,FREEHOLD,CLUSTER HOUSE,1114310.0,483.0,114
TAMAN MUTIARA BESTARI,SKUDAI,JOHOR,FREEHOLD,SEMI D,1114310.0,483.0,84
BUKIT BERUNTUNG,SERENDAH,SELANGOR,FREEHOLD,TERRACE HOUSE,300000.0,222.0,104
TAMAN RINTING,MASAI,JOHOR,FREEHOLD,TERRACE HOUSE,430000.0,279.0,104
SETIA TROPIKA,TAMPOI,JOHOR,FREEHOLD,CLUSTER HOUSE,911890.0,435.0,110
SETIA TROPIKA,TAMPOI,JOHOR,FREEHOLD,TERRACE HOUSE,911890.0,435.0,104
CALEDONIA,IJOK,SELANGOR,FREEHOLD,TERRACE HOUSE,509800.0,392.0,104
ALAM NUSANTARA,SETIA ALAM,SELANGOR,FREEHOLD,TERRACE HOUSE,872999.0,496.0,104
TAMAN SCIENTEX KOTA TINGGI,KOTA TINGGI,JOHOR,LEASEHOLD,TERRACE HOUSE,80000.0,104.0,104
LAMAN ASPIRASI (BANTING),BANTING,SELANGOR,FREEHOLD,SEMI D,180000.0,129.0,84
LAMAN ASPIRASI (BANTING),BANTING,SELANGOR,FREEHOLD,TERRACE HOUSE,180000.0,129.0,104
BANDAR MAHKOTA CHERAS,CHERAS,SELANGOR,FREEHOLD,SEMI D,640000.0,422.0,84
BANDAR MAHKOTA CHERAS,CHERAS,SELANGOR,FREEHOLD,TERRACE HOUSE,640000.0,422.0,103
BANDAR MAHKOTA CHERAS,CHERAS,SELANGOR,FREEHOLD,TOWN HOUSE,640000.0,422.0,73
PRIMA @ SITIAWAN,SITIAWAN,PERAK,FREEHOLD,TERRACE HOUSE,270610.0,193.0,102
BANDAR MAHKOTA BANTING (BANDAR BARU BROOKLANDS),TANJONG DUABELAS,SELANGOR,FREEHOLD,TERRACE HOUSE,400000.0,258.0,102
OUG PARKLANE,JALAN KLANG LAMA (OLD KLANG ROAD),KUALA LUMPUR,FREEHOLD,SERVICE RESIDENCE,580000.0,611.0,50
ALAM IMPIAN,SHAH ALAM,SELANGOR,FREEHOLD,TERRACE HOUSE,887800.0,488.0,99
DORSETT RESIDENCES BUKIT BINTANG,BUKIT BINTANG,KUALA LUMPUR,FREEHOLD,SERVICE RESIDENCE,1341465.0,1664.0,50
BANDAR TASIK PUTERI,RAWANG,SELANGOR,LEASEHOLD,TERRACE HOUSE,400000.0,281.0,93
BANDAR UTAMA,BANDAR UTAMA,SELANGOR,FREEHOLD,TERRACE HOUSE,1510000.0,849.0,92
PERWIRA SERI ISKANDAR,SERI ISKANDAR,PERAK,LEASEHOLD,TERRACE HOUSE,145000.0,104.0,92
TAMAN AUSTIN DUTA,TEBRAU,JOHOR,FREEHOLD,CLUSTER HOUSE,781000.0,493.0,92
TAMAN AUSTIN DUTA,TEBRAU,JOHOR,FREEHOLD,TERRACE HOUSE,781000.0,493.0,92
TAMAN PULAI INDAH,SKUDAI,JOHOR,FREEHOLD,CLUSTER HOUSE,460000.0,321.0,92
TAMAN PULAI INDAH,SKUDAI,JOHOR,FREEHOLD,TERRACE HOUSE,460000.0,321.0,92
BANDAR BARU LAPANGAN,IPOH,PERAK,LEASEHOLD,TERRACE HOUSE,588800.0,369.0,91
TAMAN PUTERIMAS (KLUANG),KLUANG,JOHOR,FREEHOLD,TERRACE HOUSE,250750.0,119.0,89
D'ART HILLS RESIDENCE,SENAI,JOHOR,FREEHOLD,TERRACE HOUSE,839000.0,591.0,89
TAMAN DESA BERTAM,TANJONG MINYAK,MELAKA,FREEHOLD,CLUSTER HOUSE,453000.0,185.0,89
TAMAN DESA BERTAM,TANJONG MINYAK,MELAKA,FREEHOLD,SEMI D,453000.0,185.0,84
TAMAN REM,KOTA TINGGI,JOHOR,LEASEHOLD,TERRACE HOUSE,246600.0,160.0,89
TAMAN PULAI MUTIARA 2,SKUDAI,JOHOR,FREEHOLD,CLUSTER HOUSE,564230.0,252.0,88
TAMAN PULAI MUTIARA 2,SKUDAI,JOHOR,FREEHOLD,TERRACE HOUSE,564230.0,252.0,88
KOTA BAYUEMAS,KLANG,SELANGOR,FREEHOLD,SEMI D,804000.0,446.0,84
KOTA BAYUEMAS,KLANG,SELANGOR,FREEHOLD,TERRACE HOUSE,804000.0,446.0,88
TAMAN KOTA IMPIAN @ IMPIAN HILLS,KOTA TINGGI,JOHOR,FREEHOLD,TERRACE HOUSE,713000.0,405.0,87
EKA HEIGHTS - PRECINCT 3B,LABU,NEGERI SEMBILAN,FREEHOLD,TERRACE HOUSE,400000.0,267.0,87
BANDAR SPRINGHILL,JIMAH,NEGERI SEMBILAN,FREEHOLD,TERRACE HOUSE,220000.0,179.0,86
TAMAN HIJAUAN VALDOR,SUNGAI BAKAP,PENANG,FREEHOLD,SEMI D,675000.0,241.0,84
TAMAN HIJAUAN VALDOR,SUNGAI BAKAP,PENANG,FREEHOLD,TERRACE HOUSE,675000.0,241.0,85
TAMAN SRI GOMBAK,BATU CAVES,SELANGOR,FREEHOLD,TERRACE HOUSE,450000.0,556.0,85
FLORA DAMANSARA APARTMENT,DAMANSARA PERDANA,SELANGOR,LEASEHOLD,APARTMENT,380000.0,447.0,37
TAMAN KOTA SRI AHMAD SHAH,KUANTAN,PAHANG,LEASEHOLD,TERRACE HOUSE,582222.0,334.0,84
TAMAN MESRA IMPIAN,KAMPAR,PERAK,LEASEHOLD,TERRACE HOUSE,300000.0,214.0,83
S2 HEIGHTS,SEREMBAN 2,NEGERI SEMBILAN,FREEHOLD,TERRACE HOUSE,775800.0,464.0,83
TAMAN SERI MAHKOTA,SITIAWAN,PERAK,FREEHOLD,TERRACE HOUSE,250000.0,179.0,82
TAMAN KINDING AKASIA,IPOH,PERAK,LEASEHOLD,TERRACE HOUSE,260000.0,186.0,82
TAMAN SHOREA HARTAMAS,PASIR PANJANG,NEGERI SEMBILAN,FREEHOLD,TERRACE HOUSE,250000.0,183.0,82
PRIMA D'MARINA,KUANTAN,PAHANG,LEASEHOLD,TERRACE HOUSE,431167.0,271.0,82
BUKIT JELUTONG,SHAH ALAM,SELANGOR,FREEHOLD,BUNGALOW,980000.0,437.0,70
BUKIT JELUTONG,SHAH ALAM,SELANGOR,FREEHOLD,SEMI D,980000.0,437.0,81
BUKIT JELUTONG,SHAH ALAM,SELANGOR,FREEHOLD,TERRACE HOUSE,980000.0,437.0,81
BERIS MERAGA,KIJAL,TERENGGANU,FREEHOLD,SEMI D,320000.0,126.0,81
BERIS MERAGA,KIJAL,TERENGGANU,FREEHOLD,TERRACE HOUSE,320000.0,126.0,81
BAYU SUTERA - PRECINCT 3B,JIMAH,NEGERI SEMBILAN,FREEHOLD,TERRACE HOUSE,675888.0,483.0,80
BANDAR IOI,SEGAMAT,JOHOR,FREEHOLD,TERRACE HOUSE,349350.0,208.0,80
BANDAR COUNTRY HOMES,RAWANG,SELANGOR,FREEHOLD,SEMI D,420000.0,313.0,79
BANDAR COUNTRY HOMES,RAWANG,SELANGOR,FREEHOLD,TERRACE HOUSE,420000.0,313.0,79
SETIA SKY 88,JOHOR BAHRU,JOHOR,FREEHOLD,SERVICE RESIDENCE,1341465.0,1270.0,50
PER. PERMATANG BADAK PERDANA (PL 177521),KUANTAN,PAHANG,LEASEHOLD,TERRACE HOUSE,325000.0,232.0,78
EKA HEIGHTS - PRECINCT 3A,LABU,NEGERI SEMBILAN,FREEHOLD,TERRACE HOUSE,380000.0,267.0,78
TAMAN PUTRI KULAI,KULAI,JOHOR,FREEHOLD,TERRACE HOUSE,450000.0,292.0,78
TAMAN CENTURY,JOHOR BAHRU,JOHOR,FREEHOLD,SEMI D,609000.0,327.0,78
TAMAN CENTURY,JOHOR BAHRU,JOHOR,FREEHOLD,TERRACE HOUSE,609000.0,327.0,78
BANDAR SAUJANA PUTRA,TANJONG DUABELAS,SELANGOR,LEASEHOLD,TERRACE HOUSE,450000.0,339.0,78
TAMAN PUNCAK JALIL,SERI KEMBANGAN,SELANGOR,LEASEHOLD,TERRACE HOUSE,580000.0,400.0,78
TAMAN NADA EMBUN,RANTAU,NEGERI SEMBILAN,FREEHOLD,TERRACE HOUSE,522000.0,368.0,77
RESIDENSI MESRA,GURUN,KEDAH,FREEHOLD,TERRACE HOUSE,232000.0,141.0,76
TAMAN MEGAH RIA,MASAI,JOHOR,FREEHOLD,SEMI D,436440.0,320.0,76
TAMAN MEGAH RIA,MASAI,JOHOR,FREEHOLD,TERRACE HOUSE,436440.0,320.0,76
TAMAN SAFFRON,SERENDAH,SELANGOR,FREEHOLD,TERRACE HOUSE,437100.0,357.0,75
SERENIA CITY,DENGKIL,SELANGOR,FREEHOLD,TERRACE HOUSE,828888.0,532.0,75
PUTRA HEIGHTS,SUBANG JAYA,SELANGOR,FREEHOLD,TERRACE HOUSE,855000.0,448.0,75
TAMAN AROWANA,SUNGAI PETANI,KEDAH,FREEHOLD,TERRACE HOUSE,276800.0,230.0,74
KOTA KEMUNING,SHAH ALAM,SELANGOR,FREEHOLD,TERRACE HOUSE,844000.0,417.0,74
BANDAR PUTERI KLANG,KLANG,SELANGOR,FREEHOLD,TERRACE HOUSE,682500.0,434.0,74
BANDAR PUCHONG JAYA,PUCHONG,SELANGOR,FREEHOLD,TERRACE HOUSE,725000.0,513.0,74
TAMAN PONDEROSA,JOHOR BAHRU,JOHOR,FREEHOLD,SEMI D,1110900.0,535.0,74
TAMAN DESA JAYA,JOHOR BAHRU,JOHOR,FREEHOLD,TERRACE HOUSE,440000.0,338.0,73
LAMAN SETIA,ISKANDAR PUTERI (NUSAJAYA),JOHOR,FREEHOLD,TERRACE HOUSE,650000.0,389.0,73
TAMAN PELANGI INDAH,ULU TIRAM,JOHOR,FREEHOLD,SEMI D,600000.0,308.0,73
TAMAN PELANGI INDAH,ULU TIRAM,JOHOR,FREEHOLD,TERRACE HOUSE,600000.0,308.0,73
TAMAN PUTERI,PADANG SERAI,KEDAH,FREEHOLD,TERRACE HOUSE,204000.0,159.0,72
TAMAN SENGKANG,PASIR PANJANG,NEGERI SEMBILAN,FREEHOLD,TERRACE HOUSE,279000.0,192.0,72
MKH BOULEVARD,KAJANG,SELANGOR,LEASEHOLD,SERVICE RESIDENCE,299000.0,503.0,50
LA CASA LUNAS,LUNAS,KEDAH,FREEHOLD,SEMI D,516888.0,227.0,71
TAMAN RAIA UTAMA,GOPENG,PERAK,FREEHOLD,TERRACE HOUSE,268000.0,192.0,71
MEKARSARI UNGGUL (FASA III),KEPALA BATAS,PENANG,FREEHOLD,TERRACE HOUSE,613000.0,366.0,71
PUNCAK ALAM,BANDAR PUNCAK ALAM,SELANGOR,LEASEHOLD,CLUSTER HOUSE,400000.0,288.0,71
PUNCAK ALAM,BANDAR PUNCAK ALAM,SELANGOR,LEASEHOLD,TERRACE HOUSE,400000.0,288.0,71
PALMYRA RESIDENCES,BANGI,SELANGOR,FREEHOLD,SERVICE RESIDENCE,432000.0,508.0,50
TAMAN SERI AUSTIN,TEBRAU,JOHOR,FREEHOLD,CLUSTER HOUSE,719000.0,464.0,70
TAMAN SERI AUSTIN,TEBRAU,JOHOR,FREEHOLD,TERRACE HOUSE,719000.0,464.0,70
BANDAR SRI ASTANA,SUNGAI PETANI,KEDAH,FREEHOLD,TERRACE HOUSE,260000.0,177.0,70
BANDAR BARU SRI DAMANSARA,BANDAR SRI DAMANSARA,SELANGOR,FREEHOLD,TERRACE HOUSE,894000.0,564.0,70
TAMAN DESA CEMERLANG,ULU TIRAM,JOHOR,FREEHOLD,TERRACE HOUSE,495000.0,357.0,70
BANDAR DAMAI PERDANA,CHERAS,SELANGOR,FREEHOLD,TERRACE HOUSE,775000.0,543.0,70
SERELYN AVENUE,KUANTAN,PAHANG,LEASEHOLD,TERRACE HOUSE,388000.0,231.0,69
TAMAN PELANGI,JOHOR BAHRU,JOHOR,FREEHOLD,SEMI D,750000.0,325.0,69
TAMAN PELANGI,JOHOR BAHRU,JOHOR,FREEHOLD,TERRACE HOUSE,750000.0,325.0,69
TAMAN SETIA MUTIARA,KLUANG,JOHOR,FREEHOLD,SEMI D,150000.0,107.0,69
TAMAN SETIA MUTIARA,KLUANG,JOHOR,FREEHOLD,TERRACE HOUSE,150000.0,107.0,69
BANDAR CEMERLANG,TEBRAU,JOHOR,FREEHOLD,CLUSTER HOUSE,828000.0,345.0,69
BANDAR CEMERLANG,TEBRAU,JOHOR,FREEHOLD,SEMI D,828000.0,345.0,69
SETIA IMPIAN 3,SETIA ALAM,SELANGOR,FREEHOLD,SEMI D,930000.0,584.0,69
SETIA IMPIAN 3,SETIA ALAM,SELANGOR,FREEHOLD,TERRACE HOUSE,930000.0,584.0,69
ECO BOTANIC,ISKANDAR PUTERI (NUSAJAYA),JOHOR,FREEHOLD,TERRACE HOUSE,1260000.0,580.0,68
TAMAN PULAI MUTIARA,SKUDAI,JOHOR,FREEHOLD,CLUSTER HOUSE,550000.0,426.0,68
TAMAN PULAI MUTIARA,SKUDAI,JOHOR,FREEHOLD,TERRACE HOUSE,550000.0,426.0,68
GOODVIEW HEIGHTS,KAJANG,SELANGOR,FREEHOLD,TERRACE HOUSE,768800.0,542.0,67
GOODVIEW HEIGHTS,KAJANG,SELANGOR,FREEHOLD,TOWN HOUSE,768800.0,542.0,67
TAMAN KERSANI,KUALA PILAH,NEGERI SEMBILAN,FREEHOLD,TERRACE HOUSE,298000.0,192.0,67
IRAMA SENDAYAN 2C,LABU,NEGERI SEMBILAN,FREEHOLD,TERRACE HOUSE,584999.0,417.0,67
TAMAN KLANG UTAMA,KAPAR,SELANGOR,FREEHOLD,TERRACE HOUSE,427500.0,403.0,66
TAMAN DESA PD,LINGGI,NEGERI SEMBILAN,FREEHOLD,TERRACE HOUSE,180000.0,131.0,66
MENTARI COURT,BANDAR SUNWAY,SELANGOR,LEASEHOLD,APARTMENT,400000.0,516.0,37
TAMAN BENTARA,TELOK PANGLIMA GARANG,SELANGOR,LEASEHOLD,TERRACE HOUSE,455000.0,287.0,65
BANDAR TASIK KESUMA,BERANANG,SELANGOR,FREEHOLD,SEMI D,400000.0,293.0,64
BANDAR TASIK KESUMA,BERANANG,SELANGOR,FREEHOLD,TERRACE HOUSE,400000.0,293.0,64
BANDAR TASIK KESUMA,BERANANG,SELANGOR,FREEHOLD,TOWN HOUSE,400000.0,293.0,64
TAMAN POLO LAGUNA @ TAMBUN,IPOH,PERAK,LEASEHOLD,TERRACE HOUSE,487800.0,349.0,64
TAMAN HARMONIS FASA 2,SERI ISKANDAR,PERAK,LEASEHOLD,CLUSTER HOUSE,240000.0,175.0,64
TAMAN HARMONIS FASA 2,SERI ISKANDAR,PERAK,LEASEHOLD,TERRACE HOUSE,240000.0,175.0,64
TAMAN TUN DR ISMAIL,TAMAN TUN DR ISMAIL,KUALA LUMPUR,FREEHOLD,TERRACE HOUSE,1526237.5,768.0,64
TAMAN KAMUNTING PUTRA FASA 1,KAMUNTING,PERAK,LEASEHOLD,TERRACE HOUSE,171000.0,131.0,63
BANDAR SUNGAI LONG,BANDAR SUNGAI LONG,SELANGOR,FREEHOLD,TERRACE HOUSE,690000.0,440.0,63
BANDAR BARU SRI PETALING,SRI PETALING,KUALA LUMPUR,LEASEHOLD,SEMI D,845000.0,511.0,63
BANDAR BARU SRI PETALING,SRI PETALING,KUALA LUMPUR,LEASEHOLD,TERRACE HOUSE,845000.0,511.0,63
BANDAR AMANJAYA (ZON ANGGERIK),SUNGAI PETANI,KEDAH,FREEHOLD,SEMI D,215000.0,166.0,63
BANDAR AMANJAYA (ZON ANGGERIK),SUNGAI PETANI,KEDAH,FREEHOLD,TERRACE HOUSE,215000.0,166.0,63
CHEMOR KAYANGAN,IPOH,PERAK,LEASEHOLD,TERRACE HOUSE,228000.0,156.0,62
BANDAR JAYA PUTRA,TEBRAU,JOHOR,FREEHOLD,CLUSTER HOUSE,1201200.0,549.0,62
BANDAR JAYA PUTRA,TEBRAU,JOHOR,FREEHOLD,TERRACE HOUSE,1201200.0,549.0,62
BANDAR JAYA PUTRA,ULU TIRAM,JOHOR,FREEHOLD,TERRACE HOUSE,620000.0,501.0,62
TAMAN SRI MUDA,SHAH ALAM,SELANGOR,FREEHOLD,TERRACE HOUSE,330000.0,321.0,61
TAMAN PENAWAR HARMONI,PENGERANG,JOHOR,LEASEHOLD,TERRACE HOUSE,80000.0,67.0,60
TAMAN GADONG JAYA,LABU,NEGERI SEMBILAN,FREEHOLD,TERRACE HOUSE,280000.0,207.0,60
TAMAN GADONG JAYA,LABU,NEGERI SEMBILAN,FREEHOLD,TOWN HOUSE,280000.0,207.0,60
TAMAN MOLEK,JOHOR BAHRU,JOHOR,FREEHOLD,TERRACE HOUSE,600000.0,322.0,60
ALAM SARI BANGI,BANGI,SELANGOR,FREEHOLD,CLUSTER HOUSE,857000.0,416.0,60
ALAM SARI BANGI,BANGI,SELANGOR,FREEHOLD,TERRACE HOUSE,857000.0,416.0,60
BANDAR SUNGAI BUAYA,SERENDAH,SELANGOR,LEASEHOLD,TERRACE HOUSE,300000.0,188.0,60
SRI PUTRAMAS,JALAN KUCHING,KUALA LUMPUR,FREEHOLD,CONDOMINIUM,650000.0,619.0,32
TAMAN RIA,SUNGAI PETANI,KEDAH,FREEHOLD,TERRACE HOUSE,220000.0,152.0,59
KOTA PUTERI BANDAR BARU BATU ARANG,BATU ARANG,SELANGOR,LEASEHOLD,TERRACE HOUSE,590000.0,272.0,59
TAMAN TUNKU,MIRI,SARAWAK,LEASEHOLD,TERRACE HOUSE,288000.0,182.0,59
ROYAL DOMAIN SRI PUTRAMAS 2,JALAN KUCHING,KUALA LUMPUR,FREEHOLD,CONDOMINIUM,850000.0,669.0,32
SETIA ECOHILL,SEMENYIH,SELANGOR,FREEHOLD,TERRACE HOUSE,670000.0,354.0,58
SS2 PETALING JAYA,PETALING JAYA,SELANGOR,FREEHOLD,TERRACE HOUSE,1120000.0,625.0,58
AMBANG BOTANIC,KLANG,SELANGOR,FREEHOLD,BUNGALOW,1590000.0,546.0,58
AMBANG BOTANIC,KLANG,SELANGOR,FREEHOLD,SEMI D,1590000.0,546.0,58
BANDAR TASEK MUTIARA,SIMPANG AMPAT,PENANG,FREEHOLD,TERRACE HOUSE,425000.0,270.0,58
ECO MAJESTIC,BERANANG,SELANGOR,FREEHOLD,CLUSTER HOUSE,854000.0,431.0,58
ECO MAJESTIC,BERANANG,SELANGOR,FREEHOLD,TERRACE HOUSE,854000.0,431.0,58
TAMAN TASIK INDAH,KLUANG,JOHOR,FREEHOLD,TERRACE HOUSE,614000.0,258.0,58
TAMAN KRUBONG HEIGHTS,KRUBONG,MELAKA,FREEHOLD,TERRACE HOUSE,405800.0,290.0,57
TAMAN KAMUNTING PELANGI,TAIPING,PERAK,FREEHOLD,TERRACE HOUSE,299000.0,203.0,57
TAMAN PUNCAK CERIA (IDAMAN HILLS),KLUANG,JOHOR,FREEHOLD,TERRACE HOUSE,538000.0,253.0,57
TAMAN NUSA BAYU,ISKANDAR PUTERI (NUSAJAYA),JOHOR,FREEHOLD,TERRACE HOUSE,600000.0,464.0,57
BANDAR LAGUNA MERBOK (TERES),SUNGAI PETANI,KEDAH,FREEHOLD,TERRACE HOUSE,400000.0,264.0,57
PALM SPRING @ DAMANSARA,KOTA DAMANSARA,SELANGOR,LEASEHOLD,CONDOMINIUM,530000.0,525.0,32
TAMAN PERAKKU SERDANG,SITIAWAN,PERAK,LEASEHOLD,TERRACE HOUSE,116000.0,50.0,56
BANDAR SERI ALAM,MASAI,JOHOR,FREEHOLD,TERRACE HOUSE,496500.0,305.0,56
BANDAR JASIN BISTARI,BEMBAN,MELAKA,LEASEHOLD,TERRACE HOUSE,230435.0,150.0,56
BERTAM PERDANA,KEPALA BATAS,PENANG,FREEHOLD,CLUSTER HOUSE,310000.0,260.0,55
BERTAM PERDANA,KEPALA BATAS,PENANG,FREEHOLD,TERRACE HOUSE,310000.0,260.0,55
BANDAR PUTERI JAYA SEKSYEN 1,SUNGAI PETANI,KEDAH,FREEHOLD,TERRACE HOUSE,228000.0,200.0,55
TAMAN MOUNT AUSTIN,TEBRAU,JOHOR,FREEHOLD,SEMI D,700000.0,441.0,55
TAMAN MOUNT AUSTIN,TEBRAU,JOHOR,FREEHOLD,TERRACE HOUSE,700000.0,441.0,55
RESIDENSI MERBOK,NIBONG TEBAL,PENANG,FREEHOLD,BUNGALOW,960000.0,274.0,55
RESIDENSI MERBOK,NIBONG TEBAL,PENANG,FREEHOLD,SEMI D,960000.0,274.0,55
TAMAN DESA IMPIAN 2 (FASA 2),BUKIT MERTAJAM,PENANG,FREEHOLD,SEMI D,900000.0,311.0,54
LAKE GARDEN RESIDENCE(TAMAN KLEBANG TEKOMA,IPOH,PERAK,LEASEHOLD,SEMI D,499800.0,357.0,54
LAKE GARDEN RESIDENCE(TAMAN KLEBANG TEKOMA,IPOH,PERAK,LEASEHOLD,TERRACE HOUSE,499800.0,357.0,54
BANDAR BOTANIC,KLANG,SELANGOR,FREEHOLD,TERRACE HOUSE,767500.0,468.0,54
TAMAN SRI SAUJANA,KOTA TINGGI,JOHOR,FREEHOLD,TERRACE HOUSE,380000.0,271.0,54
BANDAR AMANJAYA (KEMBOJA),SUNGAI PETANI,KEDAH,FREEHOLD,TERRACE HOUSE,230000.0,165.0,54
SEKSYEN 2 WANGSA MAJU FLAT,WANGSA MAJU,KUALA LUMPUR,LEASEHOLD,FLAT,224500.0,380.0,48
MELINSUNG SUMMER BAY RESORT,PAPAR,SABAH,LEASEHOLD,APARTMENT,115000.0,218.0,37
TAMAN POLITEKNIK,TELOK KEMANG,NEGERI SEMBILAN,FREEHOLD,TERRACE HOUSE,230000.0,177.0,53
"TAMAN ALAMANDA, BANDAR BARU SEGARI",LUMUT,PERAK,LEASEHOLD,TERRACE HOUSE,155500.0,120.0,53
TAMAN PUNCAK KASIH MERLIMAU PASIR,MERLIMAU,MELAKA,FREEHOLD,TERRACE HOUSE,179800.0,127.0,53
TAMAN NUSANTARA,ISKANDAR PUTERI (NUSAJAYA),JOHOR,FREEHOLD,TERRACE HOUSE,420000.0,372.0,53
TAMAN NUSA BESTARI 2,ISKANDAR PUTERI (NUSAJAYA),JOHOR,FREEHOLD,TERRACE HOUSE,540000.0,363.0,53
SETIA ECO PARK,SETIA ALAM,SELANGOR,FREEHOLD,BUNGALOW,2450000.0,534.0,53
SETIA ECO PARK,SETIA ALAM,SELANGOR,FREEHOLD,SEMI D,1838000.0,534.0,53
BANDAR TASIK SENANGIN,LENGGENG,NEGERI SEMBILAN,FREEHOLD,BUNGALOW,435000.0,105.0,53
TAMAN SENTOSA,JOHOR BAHRU,JOHOR,FREEHOLD,SEMI D,700000.0,321.0,53
TAMAN SENTOSA,JOHOR BAHRU,JOHOR,FREEHOLD,TERRACE HOUSE,700000.0,321.0,53
TAMAN LANGAT UTAMA 3,TANJONG DUABELAS,SELANGOR,LEASEHOLD,TERRACE HOUSE,410000.0,282.0,53
AMBER 2 @ BUKIT SENTOSA,SERENDAH,SELANGOR,FREEHOLD,TERRACE HOUSE,452000.0,385.0,52
TAMAN BUKIT SENAWANG PERDANA,RANTAU,NEGERI SEMBILAN,FREEHOLD,TERRACE HOUSE,80000.0,67.0,52
KOTA EMERALD,RAWANG,SELANGOR,FREEHOLD,SEMI D,795000.0,383.0,52
KOTA EMERALD,RAWANG,SELANGOR,FREEHOLD,TERRACE HOUSE,795000.0,383.0,52
TAMAN MELAWATI,ULU KLANG,SELANGOR,FREEHOLD,SEMI D,686000.0,483.0,51
TAMAN MELAWATI,ULU KLANG,SELANGOR,FREEHOLD,TERRACE HOUSE,686000.0,483.0,51
BUKIT BANYAN,SUNGAI PETANI,KEDAH,FREEHOLD,SEMI D,499900.0,267.0,51
BUKIT BANYAN,SUNGAI PETANI,KEDAH,FREEHOLD,TERRACE HOUSE,499900.0,267.0,51
BUKIT BANYAN,SUNGAI PETANI,KEDAH,FREEHOLD,TOWN HOUSE,499900.0,267.0,51
BANDAR RINCHING,SEMENYIH,SELANGOR,FREEHOLD,TERRACE HOUSE,400000.0,292.0,51
DAMANSARA HEIGHTS (BUKIT DAMANSARA),DAMANSARA HEIGHTS,KUALA LUMPUR,FREEHOLD,BUNGALOW,3600000.0,700.0,51
DAMANSARA HEIGHTS (BUKIT DAMANSARA),DAMANSARA HEIGHTS,KUALA LUMPUR,FREEHOLD,SEMI D,1838000.0,700.0,51
TAMAN NILAM SARI,SEREMBAN,NEGERI SEMBILAN,LEASEHOLD,TERRACE HOUSE,411800.0,317.0,50
TAMAN AIR MANIS,SABAK BERNAM,SELANGOR,LEASEHOLD,CLUSTER HOUSE,250000.0,179.0,50
TAMAN AIR MANIS,SABAK BERNAM,SELANGOR,LEASEHOLD,TERRACE HOUSE,250000.0,179.0,50
TAMAN BERTAM HEIGHTS,TANJONG MINYAK,MELAKA,FREEHOLD,TERRACE HOUSE,180000.0,138.0,50
TAMAN PASIR PUTIH,PASIR GUDANG,JOHOR,FREEHOLD,TERRACE HOUSE,375000.0,273.0,50
BANDAR PUTERA 2,KLANG,SELANGOR,LEASEHOLD,TERRACE HOUSE,411640.0,344.0,50
TAMAN KERIAN SENTOSA,PARIT BUNTAR,PERAK,LEASEHOLD,TERRACE HOUSE,368800.0,267.0,50
MEDINI SIGNATURE,ISKANDAR PUTERI (NUSAJAYA),JOHOR,FREEHOLD,CONDOMINIUM,814800.0,505.0,32
ANGKASA CONDOMINIUMS,CHERAS,KUALA LUMPUR,FREEHOLD,CONDOMINIUM,600000.0,648.0,32
BANDAR SEBERANG JAYA,SEBERANG JAYA,PENANG,LEASEHOLD,TERRACE HOUSE,280000.0,294.0,49
AMBER 1@BUKIT SENTOSA,SERENDAH,SELANGOR,FREEHOLD,TERRACE HOUSE,430000.0,332.0,49
TAMAN SRI SKUDAI,SKUDAI,JOHOR,FREEHOLD,TERRACE HOUSE,400000.0,283.0,49
TAMAN AIR BIRU,PASIR GUDANG,JOHOR,LEASEHOLD,SEMI D,270000.0,245.0,49
TAMAN AIR BIRU,PASIR GUDANG,JOHOR,LEASEHOLD,TERRACE HOUSE,270000.0,245.0,49
TAMAN SRI PULAI PERDANA,KULAI,JOHOR,FREEHOLD,TERRACE HOUSE,499000.0,382.0,49
TAMAN LESTARI PUCHONG,SERI KEMBANGAN,SELANGOR,LEASEHOLD,TERRACE HOUSE,508000.0,338.0,49
NUSA SENTRAL,ISKANDAR PUTERI (NUSAJAYA),JOHOR,FREEHOLD,SEMI D,770000.0,485.0,49
NUSA SENTRAL,ISKANDAR PUTERI (NUSAJAYA),JOHOR,FREEHOLD,TERRACE HOUSE,770000.0,485.0,49
IRAMA SENDAYAN 2A,LABU,NEGERI SEMBILAN,FREEHOLD,TERRACE HOUSE,559444.0,379.0,48
TAMAN BAKTI [YNS],LABU,NEGERI SEMBILAN,FREEHOLD,TERRACE HOUSE,80000.0,67.0,48
BANDAR PUTERI PUCHONG,PUCHONG,SELANGOR,FREEHOLD,TERRACE HOUSE,1225000.0,620.0,48
BANDAR KINRARA,BANDAR KINRARA,SELANGOR,FREEHOLD,TERRACE HOUSE,1415000.0,621.0,48
TAMAN RIA JAYA FASA 2,SUNGAI PETANI,KEDAH,FREEHOLD,TERRACE HOUSE,197500.0,146.0,48
TAMAN CAHAYA MASAI,PASIR GUDANG,JOHOR,LEASEHOLD,TERRACE HOUSE,300000.0,381.0,48
NUSA PERDANA APARTMENT,ISKANDAR PUTERI (NUSAJAYA),JOHOR,FREEHOLD,SERVICE RESIDENCE,360000.0,386.0,48
TAMAN MELOR JAYA,GERISEK,JOHOR,FREEHOLD,TERRACE HOUSE,165000.0,100.0,47
TANJUNG TEMASEK,IPOH,PERAK,LEASEHOLD,TERRACE HOUSE,303800.0,226.0,47
ALAM PERDANA,IJOK,SELANGOR,LEASEHOLD,TERRACE HOUSE,310000.0,189.0,47
TAMAN KRUBONG JAYA,KRUBONG,MELAKA,LEASEHOLD,TERRACE HOUSE,290000.0,223.0,47
TAMAN ADDA,TEBRAU,JOHOR,FREEHOLD,CLUSTER HOUSE,1000000.0,387.0,47
TAMAN ADDA,TEBRAU,JOHOR,FREEHOLD,TERRACE HOUSE,1000000.0,387.0,47
TAMAN BANDAR UTAMA TAMPIN,TAMPIN,NEGERI SEMBILAN,FREEHOLD,SEMI D,299473.0,145.0,47
TAMAN BANDAR UTAMA TAMPIN,TAMPIN,NEGERI SEMBILAN,FREEHOLD,TERRACE HOUSE,299473.0,145.0,47
TAMAN TERUBONG INDAH (MAJESTIC HEIGHTS),AYER ITAM,PENANG,FREEHOLD,FLAT,170000.0,243.0,47
TAMAN CASSIA BAHAU,BAHAU,NEGERI SEMBILAN,LEASEHOLD,TERRACE HOUSE,249000.0,192.0,46
TAMAN MAHSURI,PADANG SERAI,KEDAH,FREEHOLD,TERRACE HOUSE,270000.0,208.0,46
TAMAN BUKIT PERDANA,BATU PAHAT,JOHOR,FREEHOLD,TERRACE HOUSE,390000.0,253.0,46
TAMAN PUCHONG UTAMA,PUCHONG,SELANGOR,FREEHOLD,TERRACE HOUSE,600000.0,454.0,46
USJ 3,SUBANG JAYA,SELANGOR,FREEHOLD,TERRACE HOUSE,765000.0,482.0,46
TAMAN EVERGREEN HEIGHTS,BATU PAHAT,JOHOR,FREEHOLD,TERRACE HOUSE,420000.0,244.0,46
TAMAN LAGENDA,PADANG SERAI,KEDAH,FREEHOLD,TERRACE HOUSE,292500.0,214.0,46
MOLEK REGENCY,JOHOR BAHRU,JOHOR,FREEHOLD,SERVICE RESIDENCE,580000.0,536.0,46
PLATINUM SUITES (THE FACE SUITES),KLCC,KUALA LUMPUR,FREEHOLD,SERVICE RESIDENCE,1341465.0,1815.0,46
TAMAN SAUJANA MANJUNG,SITIAWAN,PERAK,LEASEHOLD,SEMI D,329890.0,279.0,45
TAMAN SAUJANA MANJUNG,SITIAWAN,PERAK,LEASEHOLD,TERRACE HOUSE,329890.0,279.0,45
MERU SENTOSA,IPOH,PERAK,LEASEHOLD,TERRACE HOUSE,340194.0,235.0,45
TAMAN TERATAI,KULAI,JOHOR,FREEHOLD,TERRACE HOUSE,330000.0,273.0,45
TAMAN SEMENTA PERMAI,KAPAR,SELANGOR,FREEHOLD,TERRACE HOUSE,358000.0,254.0,45
TAMAN KOTA JAYA,KOTA TINGGI,JOHOR,FREEHOLD,SEMI D,310000.0,198.0,45
TAMAN KOTA JAYA,KOTA TINGGI,JOHOR,FREEHOLD,TERRACE HOUSE,310000.0,198.0,45
TAMAN SENAI JAYA,SENAI,JOHOR,FREEHOLD,TERRACE HOUSE,170000.0,110.0,45
PR1MA @ PORT DICKSON,LUKUT,NEGERI SEMBILAN,FREEHOLD,TERRACE HOUSE,287850.0,210.0,45
TAMAN SCIENTEX SENAI,SENAI,JOHOR,FREEHOLD,TERRACE HOUSE,480000.0,446.0,45
GREEN GARDEN,AYER ITAM,PENANG,FREEHOLD,FLAT,180000.0,335.0,45
SCIENTEX SEREMBAN,SEREMBAN,NEGERI SEMBILAN,FREEHOLD,TERRACE HOUSE,380000.0,272.0,44
BANDAR UTAMA BATANG KALI,BATANG KALI,SELANGOR,FREEHOLD,CLUSTER HOUSE,232500.0,208.0,44
BANDAR UTAMA BATANG KALI,BATANG KALI,SELANGOR,FREEHOLD,TERRACE HOUSE,232500.0,208.0,44
TAMAN BUKIT TIRAM,ULU TIRAM,JOHOR,FREEHOLD,TERRACE HOUSE,380000.0,366.0,44
PULAI JAYA,KULAI,JOHOR,FREEHOLD,TERRACE HOUSE,520000.0,346.0,43
BANDAR UNIVERSITI,SERI ISKANDAR,PERAK,LEASEHOLD,SEMI D,250000.0,175.0,43
BANDAR UNIVERSITI,SERI ISKANDAR,PERAK,LEASEHOLD,TERRACE HOUSE,250000.0,175.0,43
SERENE HEIGHTS,SEMENYIH,SELANGOR,FREEHOLD,TERRACE HOUSE,781800.0,445.0,43
TAS,KUANTAN,PAHANG,FREEHOLD,TERRACE HOUSE,185000.0,158.0,43
BANDAR TUN HUSSEIN ONN,CHERAS,SELANGOR,FREEHOLD,SEMI D,800000.0,390.0,43
BANDAR TUN HUSSEIN ONN,CHERAS,SELANGOR,FREEHOLD,TERRACE HOUSE,800000.0,390.0,43
TAMAN BUKIT KEMPAS,TAMPOI,JOHOR,FREEHOLD,TERRACE HOUSE,480000.0,291.0,43
TAMAN PUTRA PRIMA,PUCHONG,SELANGOR,FREEHOLD,TERRACE HOUSE,780000.0,454.0,43
DESA MAYANG SARI,NILAI,NEGERI SEMBILAN,FREEHOLD,TERRACE HOUSE,718000.0,511.0,42
TAMAN DAMAI JAYA,SKUDAI,JOHOR,FREEHOLD,TERRACE HOUSE,325000.0,387.0,42
USJ 11,SUBANG JAYA,SELANGOR,FREEHOLD,TERRACE HOUSE,900000.0,513.0,42
TAMAN WIDURI,SUNGAI JAWI,PENANG,FREEHOLD,TERRACE HOUSE,260000.0,224.0,42
BANDAR EKAR,RANTAU,NEGERI SEMBILAN,FREEHOLD,TERRACE HOUSE,235789.0,145.0,42
GREENFIELD REGENCY,TAMPOI,JOHOR,FREEHOLD,SERVICE RESIDENCE,391500.0,485.0,42
OVERSEAS UNION GARDEN,JALAN KLANG LAMA (OLD KLANG ROAD),KUALA LUMPUR,FREEHOLD,BUNGALOW,923000.0,519.0,41
OVERSEAS UNION GARDEN,JALAN KLANG LAMA (OLD KLANG ROAD),KUALA LUMPUR,FREEHOLD,TERRACE HOUSE,923000.0,519.0,41
TAMAN PARKLAND,KLUANG,JOHOR,FREEHOLD,TERRACE HOUSE,150000.0,107.0,41
TAMAN TEHEL INDAH,BEMBAN,MELAKA,FREEHOLD,TERRACE HOUSE,497000.0,337.0,41
TAMAN KLEMERU (P/L : 48396),IPOH,PERAK,LEASEHOLD,TERRACE HOUSE,403000.0,229.0,41
TAMAN BUKIT PERMATA,SELAYANG,SELANGOR,FREEHOLD,TERRACE HOUSE,310281.0,56.0,41
RPA SRI TANJUNG,SUNGAI PETANI,KEDAH,FREEHOLD,TERRACE HOUSE,27049.0,43.0,41
TAMAN BANDAR BARU SUNGAI LALANG,SUNGAI PETANI,KEDAH,FREEHOLD,TERRACE HOUSE,200000.0,151.0,41
UDA UTAMA,JOHOR BAHRU,JOHOR,FREEHOLD,TERRACE HOUSE,809662.0,487.0,41
NILAI IMPIAN,NILAI,NEGERI SEMBILAN,FREEHOLD,TERRACE HOUSE,639888.0,383.0,41
"TAMAN KELANA, RANTAU PANJANG",KAPAR,SELANGOR,FREEHOLD,TERRACE HOUSE,473000.0,354.0,40
TIARA SENDAYAN - PRESINT 14C,LABU,NEGERI SEMBILAN,FREEHOLD,TERRACE HOUSE,512650.0,350.0,40
TAMAN DESA IMPIAN,SIMPANG AMPAT,PENANG,FREEHOLD,CLUSTER HOUSE,880000.0,314.0,40
BANDAR BESTARI@CANARY GARDEN,KLANG,SELANGOR,FREEHOLD,CLUSTER HOUSE,1449665.0,620.0,40
TAMAN SRI PENAWAR,PENGERANG,JOHOR,LEASEHOLD,TERRACE HOUSE,525000.0,375.0,40
TAMAN RASA UTAMA,BATANG KALI,SELANGOR,LEASEHOLD,TERRACE HOUSE,250000.0,187.0,40
TAMAN DESA TANJUNG MINYAK (SERI BERTAM),TANJONG MINYAK,MELAKA,LEASEHOLD,TERRACE HOUSE,260000.0,181.0,39
TAMAN PUSING SAKURA,BATU GAJAH,PERAK,LEASEHOLD,TERRACE HOUSE,330880.0,236.0,39
M SENYUM SALAK TINGGI,SEPANG,SELANGOR,LEASEHOLD,TERRACE HOUSE,555210.0,463.0,39
BB SETIA AWAN PERDANA RESIDEN 8,SITIAWAN,PERAK,FREEHOLD,TERRACE HOUSE,245000.0,205.0,39
TAMAN KLUANG PERDANA,KLUANG,JOHOR,FREEHOLD,SEMI D,199900.0,110.0,39
TAMAN KLUANG PERDANA,KLUANG,JOHOR,FREEHOLD,TERRACE HOUSE,199900.0,110.0,39
TAMAN MENGKIBOL,KLUANG,JOHOR,FREEHOLD,TERRACE HOUSE,379000.0,237.0,39
RPR BANDAR BARU SAMARIANG,KUCHING,SARAWAK,LEASEHOLD,TERRACE HOUSE,200000.0,195.0,39
TAMAN PULAI UTAMA,SKUDAI,JOHOR,FREEHOLD,TERRACE HOUSE,595000.0,340.0,39
TAMAN SUTERA,PERLING,JOHOR,FREEHOLD,TERRACE HOUSE,780000.0,306.0,39
SEKSYEN 17,PETALING JAYA,SELANGOR,FREEHOLD,BUNGALOW,948000.0,464.0,39
SEKSYEN 17,PETALING JAYA,SELANGOR,FREEHOLD,SEMI D,948000.0,464.0,39
SEKSYEN 17,PETALING JAYA,SELANGOR,FREEHOLD,TERRACE HOUSE,948000.0,464.0,39
TAMAN PANDAN JAYA,CHERAS,SELANGOR,LEASEHOLD,FLAT,185000.0,313.0,39
VENICE HILL,CHERAS,SELANGOR,FREEHOLD,CONDOMINIUM,250000.0,162.0,32
GREEN HAVEN,MASAI,JOHOR,FREEHOLD,SERVICE RESIDENCE,631950.0,530.0,39
SRI PENARA,CHERAS,KUALA LUMPUR,LEASEHOLD,APARTMENT,280000.0,433.0,37
TAMAN BUKIT KATIL DAMAI,BUKIT KATIL,MELAKA,LEASEHOLD,SEMI D,488000.0,338.0,38
TAMAN BUKIT KATIL DAMAI,BUKIT KATIL,MELAKA,LEASEHOLD,TERRACE HOUSE,488000.0,338.0,38
BERCHAM NOBEL RESIDENCES,IPOH,PERAK,FREEHOLD,TERRACE HOUSE,335000.0,238.0,38
TAMAN MERPATI INDAH,KULIM,KEDAH,FREEHOLD,TERRACE HOUSE,462000.0,330.0,38
MUTIARA HILLS @ SEMENYIH,SEMENYIH,SELANGOR,FREEHOLD,TERRACE HOUSE,547770.0,391.0,38
BANDAR SERI ALAM,PASIR GUDANG,JOHOR,FREEHOLD,TERRACE HOUSE,340000.0,361.0,38
TAMAN PINGGIR PENGKALAN PERMAI,IPOH,PERAK,FREEHOLD,CLUSTER HOUSE,688000.0,262.0,38
BANDAR PUTRA BERTAM,KEPALA BATAS,PENANG,FREEHOLD,CLUSTER HOUSE,350000.0,275.0,38
BANDAR PUTRA BERTAM,KEPALA BATAS,PENANG,FREEHOLD,TERRACE HOUSE,350000.0,275.0,38
TAMAN PULAI HIJAUAN,SKUDAI,JOHOR,FREEHOLD,CLUSTER HOUSE,655000.0,329.0,38
TAMAN PULAI HIJAUAN,SKUDAI,JOHOR,FREEHOLD,TERRACE HOUSE,655000.0,329.0,38
TAMAN PANDAN INDAH,AMPANG,SELANGOR,LEASEHOLD,TERRACE HOUSE,522500.0,511.0,38
TAMAN PANDAN INDAH,AMPANG,SELANGOR,LEASEHOLD,TOWN HOUSE,522500.0,511.0,38
SAUJANA IMPIAN,KAJANG,SELANGOR,FREEHOLD,BUNGALOW,540000.0,330.0,38
SAUJANA IMPIAN,KAJANG,SELANGOR,FREEHOLD,TERRACE HOUSE,540000.0,330.0,38
TAMAN GAYA,ULU TIRAM,JOHOR,FREEHOLD,CLUSTER HOUSE,1034400.0,409.0,38
P/L 104445 & P/L 104476(LOT 2507),KUANTAN,PAHANG,FREEHOLD,TERRACE HOUSE,271790.0,174.0,38
SCIENTEX KUNDANG JAYA,RAWANG,SELANGOR,FREEHOLD,TERRACE HOUSE,504339.0,403.0,37
SPRINGVILLE @VICTORIA COUNTRY,SITIAWAN,PERAK,FREEHOLD,TERRACE HOUSE,435000.0,288.0,37
TAMAN MOLEK RESIDEN,AYER MOLEK,MELAKA,FREEHOLD,TERRACE HOUSE,435800.0,312.0,37
TAMAN EMAS BIDOR,BIDOR,PERAK,LEASEHOLD,TERRACE HOUSE,90000.0,75.0,37
SETIA ECOHILL,BERANANG,SELANGOR,FREEHOLD,CLUSTER HOUSE,680000.0,419.0,37
SETIA ECOHILL,BERANANG,SELANGOR,FREEHOLD,TERRACE HOUSE,680000.0,419.0,37
TAMAN SRI TEBRAU,JOHOR BAHRU,JOHOR,FREEHOLD,TERRACE HOUSE,680000.0,336.0,37
BANDAR BUKIT TINGGI,KLANG,SELANGOR,FREEHOLD,TERRACE HOUSE,750000.0,468.0,37
TAMAN KELADI FASA 1,SUNGAI PETANI,KEDAH,FREEHOLD,TERRACE HOUSE,200000.0,152.0,37
BAYAN BARU,BAYAN BARU,PENANG,LEASEHOLD,CLUSTER HOUSE,570000.0,376.0,37
BAYAN BARU,BAYAN BARU,PENANG,LEASEHOLD,SEMI D,570000.0,376.0,37
BAYAN BARU,BAYAN BARU,PENANG,LEASEHOLD,TERRACE HOUSE,570000.0,376.0,37
TAMAN MUHIBAH,KULAI,JOHOR,FREEHOLD,TERRACE HOUSE,290000.0,342.0,37
BANDAR BUKIT PUCHONG,PUCHONG,SELANGOR,FREEHOLD,TERRACE HOUSE,640000.0,418.0,37
BANDAR AMANJAYA (ZON KENANGA),SUNGAI PETANI,KEDAH,FREEHOLD,SEMI D,320000.0,136.0,37
RIFLE RANGE,AYER ITAM,PENANG,LEASEHOLD,FLAT,72000.0,188.0,37
TEBRAU CITY RESIDENCES,TEBRAU,JOHOR,FREEHOLD,SERVICE RESIDENCE,380000.0,365.0,37
PANGSAPURI LAGOON PERDANA,BANDAR SUNWAY,SELANGOR,LEASEHOLD,APARTMENT,210000.0,235.0,37
FARLIM 4,AYER ITAM,PENANG,FREEHOLD,FLAT,130000.0,254.0,37
MAHSURI FLAT,BAYAN BARU,PENANG,LEASEHOLD,FLAT,156000.0,308.0,37
DENAI ALAM,SHAH ALAM,SELANGOR,FREEHOLD,TERRACE HOUSE,900000.0,446.0,36
ECO ARDENCE,SETIA ALAM,SELANGOR,FREEHOLD,BUNGALOW,1880000.0,708.0,36
ECO ARDENCE,SETIA ALAM,SELANGOR,FREEHOLD,SEMI D,1838000.0,708.0,36
SELANGOR CYBER VALLEY-RESIDENCY AURORA,DENGKIL,SELANGOR,LEASEHOLD,TERRACE HOUSE,1042000.0,573.0,36
"TAMAN IDAMAN, SUNGAI SEGAMAT",SEGAMAT,JOHOR,LEASEHOLD,TERRACE HOUSE,117500.0,81.0,36
BAYU SUTERA - PRECINCT 4A,JIMAH,NEGERI SEMBILAN,FREEHOLD,TERRACE HOUSE,700888.0,483.0,36
BANDAR BARU BIDOR,BIDOR,PERAK,LEASEHOLD,TERRACE HOUSE,268000.0,187.0,36
IRAMA SENDAYAN 2D,LABU,NEGERI SEMBILAN,FREEHOLD,TERRACE HOUSE,628888.0,444.0,36
TAMAN DESA ILMU,KOTA SAMARAHAN,SARAWAK,LEASEHOLD,SEMI D,380000.0,175.0,36
TAMAN DESA ILMU,KOTA SAMARAHAN,SARAWAK,LEASEHOLD,TERRACE HOUSE,380000.0,175.0,36
USJ 2,SUBANG JAYA,SELANGOR,FREEHOLD,TERRACE HOUSE,745000.0,450.0,36
TAMAN SENGGARANG,SENGGARANG,JOHOR,FREEHOLD,TERRACE HOUSE,150000.0,107.0,36
ELMINA EAST,SHAH ALAM,SELANGOR,FREEHOLD,SEMI D,921500.0,547.0,36
ELMINA EAST,SHAH ALAM,SELANGOR,FREEHOLD,TERRACE HOUSE,921500.0,547.0,36
TAMAN SUTERA UTAMA,SKUDAI,JOHOR,FREEHOLD,CLUSTER HOUSE,1065000.0,474.0,36
TAMAN SUTERA UTAMA,SKUDAI,JOHOR,FREEHOLD,TERRACE HOUSE,1065000.0,474.0,36
BANDAR PUTERI JAYA SEKSYEN 2,SUNGAI PETANI,KEDAH,FREEHOLD,TERRACE HOUSE,275000.0,180.0,36
LAMAN HARIS @ ECO GRANDEUR,IJOK,SELANGOR,LEASEHOLD,TERRACE HOUSE,455000.0,325.0,36
MATANG JAYA,KUCHING,SARAWAK,LEASEHOLD,BUNGALOW,350000.0,151.0,36
MATANG JAYA,KUCHING,SARAWAK,LEASEHOLD,SEMI D,350000.0,151.0,36
MATANG JAYA,KUCHING,SARAWAK,LEASEHOLD,TERRACE HOUSE,350000.0,151.0,36
BANDAR BOTANI PARKLAND,JASIN,MELAKA,FREEHOLD,TERRACE HOUSE,120700.0,100.0,35
TAMAN PERWIRA JAYA,TAPAH,PERAK,LEASEHOLD,TERRACE HOUSE,169000.0,121.0,35
TANJUNG TEMASEK FASA 1,IPOH,PERAK,LEASEHOLD,TERRACE HOUSE,298800.0,226.0,35
TAMAN SELASIH INDAH,KULIM,KEDAH,FREEHOLD,TERRACE HOUSE,542200.0,387.0,35
OSKAR RESIDENCE @SEREMBAN FOREST HEIGHTS,AMPANGAN,NEGERI SEMBILAN,FREEHOLD,TERRACE HOUSE,669000.0,454.0,35
TAMAN PANTAI SEPANG PUTRA,SEPANG,SELANGOR,FREEHOLD,BUNGALOW,400000.0,109.0,35
SETIA ECO GARDEN,GELANG PATAH,JOHOR,FREEHOLD,TERRACE HOUSE,527680.0,403.0,35
TAMAN SRI PULAI,KULAI,JOHOR,FREEHOLD,TERRACE HOUSE,380000.0,273.0,35
TAMAN NUSA IDAMAN,ISKANDAR PUTERI (NUSAJAYA),JOHOR,FREEHOLD,SEMI D,780000.0,368.0,35
TAMAN LINTANG BISTARI,SUNGAI SIPUT,PERAK,LEASEHOLD,TERRACE HOUSE,267284.0,175.0,35
TAMAN KEMPAS UTAMA,SKUDAI,JOHOR,FREEHOLD,CLUSTER HOUSE,1000000.0,427.0,35
TAMAN KEMPAS UTAMA,SKUDAI,JOHOR,FREEHOLD,SEMI D,1000000.0,427.0,35
ECO GRANDEUR,IJOK,SELANGOR,LEASEHOLD,BUNGALOW,700000.0,438.0,35
ECO GRANDEUR,IJOK,SELANGOR,LEASEHOLD,TERRACE HOUSE,700000.0,438.0,35
TAMAN KELISA RIA FASA 1,SUNGAI PETANI,KEDAH,FREEHOLD,SEMI D,250000.0,153.0,35
TAMAN KELISA RIA FASA 1,SUNGAI PETANI,KEDAH,FREEHOLD,TERRACE HOUSE,250000.0,153.0,35
TAMAN RIA JAYA FASA 1,SUNGAI PETANI,KEDAH,FREEHOLD,TERRACE HOUSE,210000.0,155.0,35
PANORAMA LAPANGAN PERDANA,IPOH,PERAK,FREEHOLD,TERRACE HOUSE,568000.0,289.0,35
TAMAN RIA JAYA FASA 3,SUNGAI PETANI,KEDAH,FREEHOLD,TERRACE HOUSE,250000.0,158.0,35
TAMAN SRIKANDI,TELOK PANGLIMA GARANG,SELANGOR,LEASEHOLD,SEMI D,454220.0,258.0,35
TAMAN SRIKANDI,TELOK PANGLIMA GARANG,SELANGOR,LEASEHOLD,TERRACE HOUSE,454220.0,258.0,35
BEVERLY HILLS 3,KOTA KINABALU,SABAH,LEASEHOLD,APARTMENT,250000.0,415.0,35
KIPARK APARTMENT,TAMPOI,JOHOR,LEASEHOLD,APARTMENT,380000.0,443.0,35
CYBER CITY APARTMENT 1,PENAMPANG,SABAH,FREEHOLD,APARTMENT,240000.0,480.0,35
D'AMAN CRIMSON,ARA DAMANSARA,SELANGOR,FREEHOLD,CONDOMINIUM,443000.0,420.0,32
TAMAN NUSAPUTRA TIMUR (REFLEXION),DENGKIL,SELANGOR,LEASEHOLD,TERRACE HOUSE,1450000.0,944.0,34
TAMAN TIANG DUA BESTARI,AYER MOLEK,MELAKA,FREEHOLD,CLUSTER HOUSE,269100.0,175.0,34
TAMAN TIANG DUA BESTARI,AYER MOLEK,MELAKA,FREEHOLD,TERRACE HOUSE,269100.0,175.0,34
TAMAN BUKIT SEMPANG,MERLIMAU,MELAKA,FREEHOLD,TERRACE HOUSE,311650.0,186.0,34
BANDAR PERDANA (TERES),SUNGAI PETANI,KEDAH,FREEHOLD,TERRACE HOUSE,271000.0,175.0,34
TAMAN SRI KLUANG,KLUANG,JOHOR,FREEHOLD,TERRACE HOUSE,307500.0,210.0,34
BANDAR UTAMA,SUNGAI PETANI,KEDAH,FREEHOLD,BUNGALOW,262500.0,164.0,34
BANDAR UTAMA,SUNGAI PETANI,KEDAH,FREEHOLD,TERRACE HOUSE,262500.0,164.0,34
ALAM DAMAI,CHERAS,KUALA LUMPUR,LEASEHOLD,TERRACE HOUSE,859000.0,458.0,34
TAMAN MIDAH,CHERAS,KUALA LUMPUR,FREEHOLD,TERRACE HOUSE,815000.0,490.0,34
TAMAN DATO HORMAT,TELOK PANGLIMA GARANG,SELANGOR,FREEHOLD,TERRACE HOUSE,435000.0,293.0,34
BANDAR CYBER IPOH,IPOH,PERAK,LEASEHOLD,SEMI D,609000.0,252.0,34
TAMAN DESA HARMONI,MASAI,JOHOR,FREEHOLD,TERRACE HOUSE,450000.0,306.0,34
TAMAN SRI SINAR,SEGAMBUT,KUALA LUMPUR,FREEHOLD,TERRACE HOUSE,495000.0,663.0,34
TAMAN NUSA BESTARI,ISKANDAR PUTERI (NUSAJAYA),JOHOR,FREEHOLD,TERRACE HOUSE,810000.0,407.0,34
BANDAR SRI INDAH,TAWAU,SABAH,LEASEHOLD,TERRACE HOUSE,385000.0,169.0,34
VILLA WANGSAMAS,WANGSA MAJU,KUALA LUMPUR,FREEHOLD,CONDOMINIUM,500000.0,386.0,32
TAMAN TERUBONG JAYA,AYER ITAM,PENANG,LEASEHOLD,FLAT,165000.0,272.0,34
LAKE VIEW SUITES,TEBRAU,JOHOR,FREEHOLD,APARTMENT,293000.0,359.0,34
9INE (RESIDENSI SEMBILAN),CHERAS,SELANGOR,FREEHOLD,CONDOMINIUM,970000.0,801.0,32
VILLA KRYSTAL APARTMENT,SKUDAI,JOHOR,FREEHOLD,APARTMENT,300000.0,336.0,34
SIERRA PERDANA,MASAI,JOHOR,FREEHOLD,CLUSTER HOUSE,495000.0,361.0,33
SIERRA PERDANA,MASAI,JOHOR,FREEHOLD,TERRACE HOUSE,495000.0,361.0,33
TAMAN BUKIT MALURI,KEPONG,KUALA LUMPUR,LEASEHOLD,TERRACE HOUSE,890000.0,456.0,33
TAMAN WARISAN PUTERI,AMPANGAN,NEGERI SEMBILAN,FREEHOLD,CLUSTER HOUSE,433680.0,279.0,33
TAMAN WARISAN PUTERI,AMPANGAN,NEGERI SEMBILAN,FREEHOLD,SEMI D,433680.0,279.0,33
TAMAN WARISAN PUTERI,AMPANGAN,NEGERI SEMBILAN,FREEHOLD,TERRACE HOUSE,433680.0,279.0,33
SETIA ECO GARDEN,SKUDAI,JOHOR,FREEHOLD,TERRACE HOUSE,650000.0,429.0,33
THE SEED,SKUDAI,JOHOR,FREEHOLD,APARTMENT,650000.0,516.0,33
TAMAN CEMPAKA,TAMPOI,JOHOR,LEASEHOLD,FLAT,136000.0,246.0,33
SS19,SUBANG JAYA,SELANGOR,FREEHOLD,SEMI D,505000.0,541.0,32
SS19,SUBANG JAYA,SELANGOR,FREEHOLD,TERRACE HOUSE,505000.0,541.0,32
SS3 PETALING JAYA,PETALING JAYA,SELANGOR,FREEHOLD,BUNGALOW,1565000.0,423.0,32
SS3 PETALING JAYA,PETALING JAYA,SELANGOR,FREEHOLD,TERRACE HOUSE,1526237.5,423.0,32
BK 5 - PERUMAHAN KINRARA,BANDAR KINRARA,SELANGOR,FREEHOLD,TERRACE HOUSE,885000.0,540.0,32
TAMAN ANJUNG GAPAM,BEMBAN,MELAKA,LEASEHOLD,BUNGALOW,632000.0,136.0,32
USJ 6,SUBANG JAYA,SELANGOR,FREEHOLD,TERRACE HOUSE,694000.0,536.0,32
DESA RENING,RASA,SELANGOR,LEASEHOLD,SEMI D,439928.0,125.0,32
DESA RENING,RASA,SELANGOR,LEASEHOLD,TERRACE HOUSE,439928.0,125.0,32
SEKSYEN 7 SHAH ALAM,SHAH ALAM,SELANGOR,LEASEHOLD,TERRACE HOUSE,740000.0,390.0,32
TAMAN SELASIH FASA 1,KULIM,KEDAH,FREEHOLD,TERRACE HOUSE,275000.0,189.0,32
EAST LEDANG,ISKANDAR PUTERI (NUSAJAYA),JOHOR,FREEHOLD,SEMI D,1344000.0,340.0,32
EAST LEDANG,ISKANDAR PUTERI (NUSAJAYA),JOHOR,FREEHOLD,TERRACE HOUSE,1344000.0,340.0,32
TAMAN DURANDA EMAS,KUCHING,SARAWAK,LEASEHOLD,TERRACE HOUSE,180000.0,174.0,32
PUSAT BANDAR PUCHONG,PUCHONG,SELANGOR,FREEHOLD,TERRACE HOUSE,762500.0,531.0,32
TAMAN SRI LAMBAK,SIMPANG RENGAM,JOHOR,LEASEHOLD,BUNGALOW,335000.0,95.0,32
TAMAN SERI DUYONG,DUYONG,MELAKA,LEASEHOLD,TERRACE HOUSE,268000.0,157.0,32
TAMAN LAGENDA PUTRA,KULAI,JOHOR,FREEHOLD,SEMI D,589000.0,328.0,32
TAMAN LAGENDA PUTRA,KULAI,JOHOR,FREEHOLD,TERRACE HOUSE,589000.0,328.0,32
TAMAN ECO FLORA,TEBRAU,JOHOR,FREEHOLD,TERRACE HOUSE,880000.0,523.0,32
BISTARI PERDANA,PASIR GUDANG,JOHOR,FREEHOLD,TERRACE HOUSE,460000.0,384.0,32
SENI MONT KIARA,MONT KIARA,KUALA LUMPUR,FREEHOLD,CONDOMINIUM,1620000.0,801.0,32
1 BUKIT UTAMA,BANDAR UTAMA,SELANGOR,FREEHOLD,CONDOMINIUM,1269000.0,566.0,32
PANGSAPURI SRI KEMUNING,SHAH ALAM,SELANGOR,FREEHOLD,APARTMENT,220000.0,292.0,32
GREEN ACRE,BANDAR SUNGAI LONG,SELANGOR,FREEHOLD,CONDOMINIUM,550000.0,543.0,32
SRI AKASIA,TAMPOI,JOHOR,LEASEHOLD,APARTMENT,380000.0,357.0,32
TAMAN SCIENTEX (BUKIT TAMBUN PERDANA),DURIAN TUNGGAL,MELAKA,FREEHOLD,TERRACE HOUSE,267000.0,226.0,31
TAMAN LAHAT SENTOSA (MOSEY HILL),IPOH,PERAK,LEASEHOLD,TERRACE HOUSE,399880.0,207.0,31
TAMAN BIDOR BISTARI,BIDOR,PERAK,LEASEHOLD,TERRACE HOUSE,185000.0,132.0,31
TAMAN ASTANA CHEMOR,IPOH,PERAK,LEASEHOLD,TERRACE HOUSE,90000.0,102.0,31
TAMAN MERU PERDANA,IPOH,PERAK,FREEHOLD,TERRACE HOUSE,406700.0,305.0,31
PUNCAK ISKANDAR,SERI ISKANDAR,PERAK,LEASEHOLD,TERRACE HOUSE,343040.0,245.0,31
TAMAN TOK MUDA,KAPAR,SELANGOR,FREEHOLD,TERRACE HOUSE,397000.0,300.0,31
TAMAN MUTIARA PERDANA,BATU PAHAT,JOHOR,FREEHOLD,SEMI D,573000.0,206.0,31
TAMAN MUTIARA PERDANA,BATU PAHAT,JOHOR,FREEHOLD,TERRACE HOUSE,573000.0,206.0,31
TAMAN SRI ORKID,SKUDAI,JOHOR,LEASEHOLD,TERRACE HOUSE,618000.0,440.0,31
ULU SUNGAI MERAH,SIBU,SARAWAK,LEASEHOLD,TERRACE HOUSE,430000.0,173.0,31
TAMAN PERTAMA,IPOH,PERAK,LEASEHOLD,SEMI D,280000.0,174.0,31
TAMAN PERTAMA,IPOH,PERAK,LEASEHOLD,TERRACE HOUSE,280000.0,174.0,31
TAMAN IRINGAN BAYU,RANTAU,NEGERI SEMBILAN,FREEHOLD,SEMI D,472910.0,331.0,31
TAMAN IRINGAN BAYU,RANTAU,NEGERI SEMBILAN,FREEHOLD,TERRACE HOUSE,472910.0,331.0,31
TAMAN SRI RAMBAI,BUKIT MERTAJAM,PENANG,FREEHOLD,SEMI D,400000.0,179.0,31
TAMAN SRI RAMBAI,BUKIT MERTAJAM,PENANG,FREEHOLD,TERRACE HOUSE,400000.0,179.0,31
TAMAN CHERAS PERDANA,CHERAS,SELANGOR,FREEHOLD,TERRACE HOUSE,445000.0,361.0,31
SENIBONG COVE,PERMAS JAYA,JOHOR,FREEHOLD,SEMI D,1680000.0,557.0,31
SENIBONG COVE,PERMAS JAYA,JOHOR,FREEHOLD,TERRACE HOUSE,1526237.5,557.0,31
BANDAR SIBU JAYA,SIBU,SARAWAK,LEASEHOLD,TERRACE HOUSE,200000.0,130.0,31
RESIDENSI 22,MONT KIARA,KUALA LUMPUR,FREEHOLD,CONDOMINIUM,1620000.0,1074.0,31
FLAT TAMAN PERLING,PERLING,JOHOR,FREEHOLD,FLAT,150000.0,273.0,31
ARC @ AUSTIN HILLS,JOHOR BAHRU,JOHOR,FREEHOLD,SERVICE RESIDENCE,360000.0,506.0,31
TAMAN KLUANG BARAT,KLUANG,JOHOR,FREEHOLD,SEMI D,176500.0,215.0,30
TAMAN KLUANG BARAT,KLUANG,JOHOR,FREEHOLD,TERRACE HOUSE,176500.0,215.0,30
TAMAN RIA MESRA 2,GURUN,KEDAH,FREEHOLD,SEMI D,210000.0,136.0,30
TAMAN RIA MESRA 2,GURUN,KEDAH,FREEHOLD,TERRACE HOUSE,210000.0,136.0,30
SS22 & SS22A DAMANSARA JAYA,PETALING JAYA,SELANGOR,FREEHOLD,TERRACE HOUSE,1526237.5,656.0,30
TAMAN SERI ANDALAS,KLANG,SELANGOR,LEASEHOLD,SEMI D,475000.0,287.0,30
TAMAN SERI ANDALAS,KLANG,SELANGOR,LEASEHOLD,TERRACE HOUSE,475000.0,287.0,30
TAMAN RAIA PERMAI,SIMPANG PULAI,PERAK,LEASEHOLD,TERRACE HOUSE,85000.0,65.0,30
TAMAN CASSIA,ALOR SETAR,KEDAH,FREEHOLD,SEMI D,300000.0,117.0,30
BANDAR SELESA JAYA,SKUDAI,JOHOR,FREEHOLD,TERRACE HOUSE,462500.0,323.0,30
BANDAR PARKLANDS,KLANG,SELANGOR,FREEHOLD,TERRACE HOUSE,879000.0,430.0,30
TAMAN IPOH,IPOH,PERAK,FREEHOLD,TERRACE HOUSE,347500.0,196.0,30
TAMAN MALIM JAYA,BACHANG,MELAKA,LEASEHOLD,TERRACE HOUSE,296500.0,243.0,30
TAMAN KEMPAS INDAH,TEBRAU,JOHOR,FREEHOLD,CLUSTER HOUSE,644000.0,333.0,30
TAMAN KEMPAS INDAH,TEBRAU,JOHOR,FREEHOLD,TERRACE HOUSE,644000.0,333.0,30
TAMAN PANDAN PERDANA,AMPANG,SELANGOR,LEASEHOLD,TERRACE HOUSE,722500.0,484.0,30
TAMAN GAMBANG DAMAI / DESA HIJAUAN,HULU LEPAR,PAHANG,LEASEHOLD,TERRACE HOUSE,181500.0,141.0,30
TAMAN SAUJANA UTAMA,SAUJANA UTAMA,SELANGOR,LEASEHOLD,TERRACE HOUSE,497500.0,282.0,30
BUKIT ANAK DARA,KIJAL,TERENGGANU,FREEHOLD,TERRACE HOUSE,274850.0,177.0,30
ENDAH REGAL CONDOMINIUM,SRI PETALING,KUALA LUMPUR,LEASEHOLD,CONDOMINIUM,550000.0,482.0,30
THE ASTAKA @ 1 BUKIT SENYUM,JOHOR BAHRU,JOHOR,FREEHOLD,SERVICE RESIDENCE,1341465.0,1055.0,30
THE Z RESIDENCE,BUKIT JALIL,KUALA LUMPUR,FREEHOLD,CONDOMINIUM,628000.0,493.0,30
SRI SAUJANA,GEORGETOWN,PENANG,LEASEHOLD,APARTMENT,260000.0,402.0,30
TAMAN JUASSEH SENTOSA FASA 2,JUASSEH,NEGERI SEMBILAN,FREEHOLD,TERRACE HOUSE,249800.0,158.0,29
"TAMAN MELATI INDAH, PUNDUT",LUMUT,PERAK,FREEHOLD,TERRACE HOUSE,420000.0,270.0,29
PANORAMA LAPANGAN MUTIARA,IPOH,PERAK,LEASEHOLD,TERRACE HOUSE,435000.0,306.0,29
TAMAN ALAMANDA (KEDIAMAN),BAHAU,NEGERI SEMBILAN,LEASEHOLD,TERRACE HOUSE,239999.0,184.0,29
TAMAN SUNGAI RAMBAI MESRA,SUNGAI RAMBAI,MELAKA,FREEHOLD,CLUSTER HOUSE,367000.0,136.0,29
TAMAN MELODIES,JOHOR BAHRU,JOHOR,FREEHOLD,BUNGALOW,980000.0,275.0,29
TAMAN MELODIES,JOHOR BAHRU,JOHOR,FREEHOLD,SEMI D,980000.0,275.0,29
TAMAN INTAN,KLUANG,JOHOR,FREEHOLD,TERRACE HOUSE,220000.0,188.0,29
TAMAN DESA SAUJANA,ARAU,PERLIS,FREEHOLD,SEMI D,414428.0,205.0,29
TAMAN DESA SAUJANA,ARAU,PERLIS,FREEHOLD,TERRACE HOUSE,414428.0,205.0,29
TAMAN PERDA INDAH,TASEK GELUGOR,PENANG,FREEHOLD,TERRACE HOUSE,343800.0,157.0,29
JADE HILLS,KAJANG,SELANGOR,FREEHOLD,BUNGALOW,2330000.0,495.0,29
JADE HILLS,KAJANG,SELANGOR,FREEHOLD,CLUSTER HOUSE,2102600.0,495.0,29
JADE HILLS,KAJANG,SELANGOR,FREEHOLD,SEMI D,1838000.0,495.0,29
ISLAND GLADES,JELUTONG,PENANG,FREEHOLD,TERRACE HOUSE,1000000.0,632.0,29
SEKSYEN 1 WANGSA MAJU FLAT,WANGSA MAJU,KUALA LUMPUR,LEASEHOLD,FLAT,220000.0,414.0,29
TAMAN PELANGI,PERAI,PENANG,LEASEHOLD,FLAT,100000.0,168.0,29
TWIN GALAXY (DWI GALAKSI),JOHOR BAHRU,JOHOR,FREEHOLD,SERVICE RESIDENCE,586000.0,641.0,29
TAMAN RIMBAYU,TANJONG DUABELAS,SELANGOR,LEASEHOLD,TERRACE HOUSE,760000.0,500.0,28
BANGI AVENUE,BANGI,SELANGOR,FREEHOLD,TERRACE HOUSE,607500.0,418.0,28
TAMAN BIDORIA RESIDENSI,BIDOR,PERAK,LEASEHOLD,TERRACE HOUSE,245000.0,175.0,28
BERTAM PERDANA 2 - LAKEVIEW,KEPALA BATAS,PENANG,FREEHOLD,BUNGALOW,618744.0,271.0,28
BERTAM PERDANA 2 - LAKEVIEW,KEPALA BATAS,PENANG,FREEHOLD,TERRACE HOUSE,618744.0,271.0,28
YARRA PARK (RESIDENSI SINAR),SUNGAI PETANI,KEDAH,FREEHOLD,TERRACE HOUSE,200000.0,143.0,28
TAMAN KOTA SELESA,KOTA TINGGI,JOHOR,FREEHOLD,TERRACE HOUSE,424150.0,275.0,28
LOT 11666-11704 PERUMAHAN BALOK PERDANA,SUNGAI KARANG,PAHANG,LEASEHOLD,TERRACE HOUSE,315000.0,205.0,28
GREEN PAVILION RESIDENCE,KULAI,JOHOR,FREEHOLD,TERRACE HOUSE,685000.0,457.0,28
BANDAR BARU KAMPAR,KAMPAR,PERAK,LEASEHOLD,TERRACE HOUSE,272500.0,195.0,28
PROTON CITY,ULU BERNAM,PERAK,FREEHOLD,TERRACE HOUSE,467500.0,211.0,28
TAMAN PAYA RUMPUT PERDANA,PAYA RUMPUT,MELAKA,FREEHOLD,BUNGALOW,627500.0,158.0,28
TAMAN PAYA RUMPUT PERDANA,PAYA RUMPUT,MELAKA,FREEHOLD,TOWN HOUSE,627500.0,158.0,28
TAMAN TANJUNG MINYAK PERDANA,TANJONG MINYAK,MELAKA,LEASEHOLD,TERRACE HOUSE,300000.0,197.0,28
TAMAN TANJUNG MINYAK PERDANA,TANJONG MINYAK,MELAKA,LEASEHOLD,TOWN HOUSE,300000.0,197.0,28
TAMAN SOON HUP(JALAN PERMAI),SIBU,SARAWAK,LEASEHOLD,TERRACE HOUSE,377500.0,179.0,28
LAMAN SETIA,SKUDAI,JOHOR,FREEHOLD,TERRACE HOUSE,650000.0,426.0,28
TAMAN KLEBANG PUTRA,IPOH,PERAK,FREEHOLD,TERRACE HOUSE,317600.0,209.0,28
TAMAN KELADI FASA 2,SUNGAI PETANI,KEDAH,FREEHOLD,TERRACE HOUSE,215000.0,176.0,28
TAMAN PEREPAT INDAH,KAPAR,SELANGOR,LEASEHOLD,TERRACE HOUSE,371159.0,298.0,28
TAMAN BUKIT REBANA [SP HEIGHTS],SUNGAI PETANI,KEDAH,FREEHOLD,SEMI D,300000.0,114.0,28
TAMAN BUKIT MEWAH,KAJANG,SELANGOR,FREEHOLD,TERRACE HOUSE,470000.0,328.0,28
BANDAR METRO PUCHONG,PUCHONG,SELANGOR,LEASEHOLD,TERRACE HOUSE,925000.0,547.0,28
TABUAN JAYA,KUCHING,SARAWAK,LEASEHOLD,SEMI D,625000.0,216.0,28
TABUAN JAYA,KUCHING,SARAWAK,LEASEHOLD,TERRACE HOUSE,625000.0,216.0,28
LEISURE FARM,GELANG PATAH,JOHOR,FREEHOLD,SEMI D,650000.0,422.0,28
LEISURE FARM,GELANG PATAH,JOHOR,FREEHOLD,TOWN HOUSE,650000.0,422.0,28
TAMAN NUSA DAMAI,PASIR GUDANG,JOHOR,FREEHOLD,TERRACE HOUSE,365000.0,309.0,28
TAMAN INDAH JAYA,SANDAKAN,SABAH,LEASEHOLD,TERRACE HOUSE,395000.0,256.0,28
BANDAR BARU TRONOH (TAMAN TRONOH BARU),TRONOH,PERAK,LEASEHOLD,TERRACE HOUSE,263000.0,190.0,28
RAMPAI COURT,WANGSA MAJU,KUALA LUMPUR,FREEHOLD,APARTMENT,231000.0,390.0,28
NUSA HEIGHTS (NUSA PUNCAK),ISKANDAR PUTERI (NUSAJAYA),JOHOR,FREEHOLD,APARTMENT,415000.0,451.0,28
PANGSAPURI PERSIARAN TANJUNG,TAMPOI,JOHOR,LEASEHOLD,APARTMENT,285000.0,297.0,28
MUTIARA CONDOMINIUM,BUKIT MERTAJAM,PENANG,FREEHOLD,CONDOMINIUM,260000.0,351.0,28
LADANG TOK PELAM,KUALA TERENGGANU,TERENGGANU,LEASEHOLD,APARTMENT,232000.0,276.0,28
SERI BAIDURI,ULU TIRAM,JOHOR,FREEHOLD,APARTMENT,35000.0,50.0,28
TAMAN BUNGA NEGARA,SHAH ALAM,SELANGOR,FREEHOLD,FLAT,207500.0,287.0,28
FLAT TAMAN MELATI,SETAPAK,KUALA LUMPUR,FREEHOLD,FLAT,207500.0,326.0,28
TAMAN ANGSAMAS 2,RASAH,NEGERI SEMBILAN,FREEHOLD,TERRACE HOUSE,80000.0,67.0,27
TAMAN KIARA,KUALA SELANGOR,SELANGOR,FREEHOLD,TERRACE HOUSE,308000.0,258.0,27
"SKIM PERUMAHAN PERAKKU, TANJUNG TUALANG",TANJONG TUALANG,PERAK,LEASEHOLD,TERRACE HOUSE,180000.0,117.0,27
TAMAN KAMPAR BESTARI,KAMPAR,PERAK,LEASEHOLD,SEMI D,269800.0,123.0,27
TAMAN KAMPAR BESTARI,KAMPAR,PERAK,LEASEHOLD,TERRACE HOUSE,269800.0,123.0,27
TAMAN BUKIT KOMAN 2,RAUB,PAHANG,LEASEHOLD,TERRACE HOUSE,297600.0,208.0,27
EVERGREEN GARDEN RESIDENCE,CYBERJAYA,SELANGOR,FREEHOLD,SEMI D,1450000.0,457.0,27
EVERGREEN GARDEN RESIDENCE,CYBERJAYA,SELANGOR,FREEHOLD,TERRACE HOUSE,1450000.0,457.0,27
TAMAN SERI IPIL,NIBONG TEBAL,PENANG,FREEHOLD,BUNGALOW,520000.0,185.0,27
TAMAN SERI IPIL,NIBONG TEBAL,PENANG,FREEHOLD,SEMI D,520000.0,185.0,27
SETIA IMPIAN 4,SETIA ALAM,SELANGOR,FREEHOLD,TERRACE HOUSE,705000.0,538.0,27
TAMAN SUNGAI KAPAR INDAH,KAPAR,SELANGOR,FREEHOLD,TERRACE HOUSE,450000.0,346.0,27
TAMAN RAWANG PERDANA,RAWANG,SELANGOR,FREEHOLD,TERRACE HOUSE,460000.0,322.0,27
TAMAN KLEBANG RIA,CHEMOR,PERAK,FREEHOLD,TERRACE HOUSE,398800.0,279.0,27
TAMAN SELAYANG MUTIARA,SELAYANG,SELANGOR,LEASEHOLD,SEMI D,450000.0,204.0,27
BANDAR AMANJAYA (ZON MAWAR),SUNGAI PETANI,KEDAH,FREEHOLD,BUNGALOW,240000.0,168.0,27
BANDAR AMANJAYA (ZON MAWAR),SUNGAI PETANI,KEDAH,FREEHOLD,TERRACE HOUSE,240000.0,168.0,27
TAMAN INDAH SATELIT,TAMPIN,NEGERI SEMBILAN,FREEHOLD,TERRACE HOUSE,285000.0,173.0,27
PELABUHAN KLANG,PORT KLANG,SELANGOR,FREEHOLD,TERRACE HOUSE,420000.0,249.0,27
"TERATAI MEWAH APARTMENT BLOCK 15,17,19,21",SETAPAK,KUALA LUMPUR,FREEHOLD,APARTMENT,250000.0,373.0,27
SEKSYEN 24 SHAH ALAM,SHAH ALAM,SELANGOR,LEASEHOLD,FLAT,185000.0,292.0,27
AKASIA,KLANG,SELANGOR,FREEHOLD,APARTMENT,380000.0,505.0,27
TAMAN BUNGA RAYA,SERENDAH,SELANGOR,LEASEHOLD,FLAT,130000.0,187.0,27
BK 4 - PERUMAHAN KINRARA,BANDAR KINRARA,SELANGOR,FREEHOLD,TERRACE HOUSE,702500.0,434.0,26
IRAMA SENDAYAN 2B,LABU,NEGERI SEMBILAN,FREEHOLD,TERRACE HOUSE,603444.0,424.0,26
DESA PARK CHEMOR,IPOH,PERAK,FREEHOLD,CLUSTER HOUSE,338000.0,270.0,26
TAMAN KLEBANG PERDANA,IPOH,PERAK,FREEHOLD,TERRACE HOUSE,513967.0,364.0,26
TAMAN SRI PUTRI,SKUDAI,JOHOR,FREEHOLD,TERRACE HOUSE,540000.0,344.0,26
TAMAN DAHLIA,TAMPOI,JOHOR,LEASEHOLD,TERRACE HOUSE,300000.0,288.0,26
TAMAN SEMARAK,TAWAU,SABAH,LEASEHOLD,CLUSTER HOUSE,200000.0,205.0,26
TAMAN SEMARAK,TAWAU,SABAH,LEASEHOLD,TERRACE HOUSE,200000.0,205.0,26
TAMAN MAWAR,PASIR GUDANG,JOHOR,LEASEHOLD,TERRACE HOUSE,390000.0,313.0,26
SEKSYEN 4 BANDAR BARU BANGI,BANGI,SELANGOR,LEASEHOLD,BUNGALOW,535000.0,279.0,26
SEKSYEN 4 BANDAR BARU BANGI,BANGI,SELANGOR,LEASEHOLD,TERRACE HOUSE,535000.0,279.0,26
TAMAN BISTARI MENGLEMBU,MENGLEMBU,PERAK,LEASEHOLD,TERRACE HOUSE,408000.0,372.0,26
UNI GARDEN,KOTA SAMARAHAN,SARAWAK,FREEHOLD,TERRACE HOUSE,510000.0,238.0,26
BANDAR PUTERI HILLPARK,SUNGAI PETANI,KEDAH,FREEHOLD,TERRACE HOUSE,300000.0,162.0,26
BANDAR BARU KOTA PUTRI,MASAI,JOHOR,FREEHOLD,TERRACE HOUSE,335000.0,391.0,26
TAMAN PELANGI INDAH,TEBRAU,JOHOR,FREEHOLD,TERRACE HOUSE,904900.0,497.0,26
TAMAN PUTERA/SURIA,JOHOR BAHRU,JOHOR,FREEHOLD,TERRACE HOUSE,625000.0,343.0,26
TAMAN BUKIT CHENG,CHENG,MELAKA,FREEHOLD,TERRACE HOUSE,370000.0,256.0,26
TAMAN BUKIT JAYA,ULU TIRAM,JOHOR,FREEHOLD,TERRACE HOUSE,460000.0,310.0,26
BANDAR PUTERI JAYA SEKSYEN 3,SUNGAI PETANI,KEDAH,FREEHOLD,SEMI D,370000.0,118.0,26
BANDAR PUTERI JAYA SEKSYEN 3,SUNGAI PETANI,KEDAH,FREEHOLD,TERRACE HOUSE,370000.0,118.0,26
AMVERTON HILLS SUNGAI BULOH,SUNGAI BULOH,SELANGOR,FREEHOLD,BUNGALOW,1703888.0,529.0,26
AMVERTON HILLS SUNGAI BULOH,SUNGAI BULOH,SELANGOR,FREEHOLD,SEMI D,1703888.0,529.0,26
BANDAR TASIK IDAMAN,BATU GAJAH,PERAK,LEASEHOLD,TERRACE HOUSE,440300.0,270.0,26
TAMAN ANGSAMAS,RASAH,NEGERI SEMBILAN,FREEHOLD,TERRACE HOUSE,205000.0,172.0,26
TAMAN KENARI FASA 1,KULIM,KEDAH,FREEHOLD,SEMI D,300000.0,207.0,26
TAMAN KENARI FASA 1,KULIM,KEDAH,FREEHOLD,TERRACE HOUSE,300000.0,207.0,26
TAMAN PENAGA MEWAH,AMPANGAN,NEGERI SEMBILAN,FREEHOLD,TERRACE HOUSE,487910.0,349.0,26
TAMAN PUTRA PERMAI,SERI KEMBANGAN,SELANGOR,LEASEHOLD,TERRACE HOUSE,722500.0,342.0,26
TAMAN DESARU UTAMA,PENGERANG,JOHOR,LEASEHOLD,SEMI D,330000.0,251.0,26
TAMAN DESARU UTAMA,PENGERANG,JOHOR,LEASEHOLD,TERRACE HOUSE,330000.0,251.0,26
SKY PEAK RESIDENCES,TAMPOI,JOHOR,FREEHOLD,SERVICE RESIDENCE,445000.0,431.0,26
KONDO RAKYAT,KUALA IBAI,TERENGGANU,LEASEHOLD,FLAT,66500.0,106.0,26
ALMYRA RESIDENCES,BANGI,SELANGOR,FREEHOLD,CONDOMINIUM,450400.0,471.0,26
UDA UTAMA,SKUDAI,JOHOR,FREEHOLD,BUNGALOW,600000.0,324.0,25
UDA UTAMA,SKUDAI,JOHOR,FREEHOLD,TERRACE HOUSE,600000.0,324.0,25
TAMAN BANDAR UNIVERSITI PARIT RAJA,BATU PAHAT,JOHOR,FREEHOLD,TERRACE HOUSE,326970.0,209.0,25
TAMAN NUSARI BAYU 1,BANDAR SRI SENDAYAN,NEGERI SEMBILAN,FREEHOLD,TERRACE HOUSE,300000.0,207.0,25
TEMPLER RESIDENCE,RAWANG,SELANGOR,FREEHOLD,TERRACE HOUSE,837000.0,518.0,25
TAMAN TTDI GROVE,BANGI,SELANGOR,FREEHOLD,SEMI D,1068000.0,334.0,25
BK 8 - PERUMAHAN KINRARA,BANDAR KINRARA,SELANGOR,FREEHOLD,SEMI D,1838000.0,610.0,25
BK 8 - PERUMAHAN KINRARA,BANDAR KINRARA,SELANGOR,FREEHOLD,TERRACE HOUSE,1526237.5,610.0,25
TAMAN MAWAR INDAH,RAUB,PAHANG,FREEHOLD,SEMI D,420000.0,131.0,25
SEKSYEN 14,PETALING JAYA,SELANGOR,LEASEHOLD,TERRACE HOUSE,715000.0,333.0,25
TAMAN PERDANA,SIMPANG AMPAT,PENANG,FREEHOLD,TERRACE HOUSE,575000.0,374.0,25
TAMAN PSJ,SUNGAI KARANG,PAHANG,FREEHOLD,SEMI D,265000.0,206.0,25
TAMAN PSJ,SUNGAI KARANG,PAHANG,FREEHOLD,TERRACE HOUSE,265000.0,206.0,25
BANDAR MUTIARA,SUNGAI PETANI,KEDAH,FREEHOLD,SEMI D,280000.0,186.0,25
BANDAR MUTIARA,SUNGAI PETANI,KEDAH,FREEHOLD,TERRACE HOUSE,280000.0,186.0,25
TAMAN ANGKASA NURI,DURIAN TUNGGAL,MELAKA,LEASEHOLD,TERRACE HOUSE,280000.0,213.0,25
TAMAN EHSAN,KEPONG,SELANGOR,LEASEHOLD,TERRACE HOUSE,505000.0,305.0,25
TAMAN PUTERI JAYA,BATU PAHAT,JOHOR,FREEHOLD,SEMI D,468000.0,286.0,25
TAMAN PUTERI JAYA,BATU PAHAT,JOHOR,FREEHOLD,TERRACE HOUSE,468000.0,286.0,25
BANDAR TROPICANA AMAN,TANJONG DUABELAS,SELANGOR,LEASEHOLD,SEMI D,1300000.0,488.0,25
BANDAR TROPICANA AMAN,TANJONG DUABELAS,SELANGOR,LEASEHOLD,TERRACE HOUSE,1300000.0,488.0,25
TAMAN BUKIT TERATAI,AMPANG,SELANGOR,LEASEHOLD,TERRACE HOUSE,505000.0,442.0,25
TAMAN BUKIT TERATAI,AMPANG,SELANGOR,LEASEHOLD,TOWN HOUSE,505000.0,442.0,25
PERMATA APARTMENT,BUKIT MERTAJAM,PENANG,FREEHOLD,APARTMENT,180000.0,288.0,25
SAVANNA EXECUTIVE SUITE @ SOUTHVILLE CITY,BANGI,SELANGOR,FREEHOLD,SERVICE RESIDENCE,360000.0,376.0,25
IDAMAN SELASIH,BAYAN LEPAS,PENANG,FREEHOLD,FLAT,320000.0,472.0,25
BANDAR TASIK SELATAN (LOW COST),BANDAR TASIK SELATAN,KUALA LUMPUR,LEASEHOLD,FLAT,190000.0,282.0,25
PELANGI UTAMA,BANDAR UTAMA,SELANGOR,LEASEHOLD,CONDOMINIUM,480000.0,460.0,25
JASA,SKUDAI,JOHOR,LEASEHOLD,FLAT,150000.0,244.0,25
TAMAN MUTIARA,LABUAN,LABUAN,LEASEHOLD,FLAT,130000.0,169.0,25
TAMAN SRI TANJUNG,SEMENYIH,SELANGOR,FREEHOLD,APARTMENT,296400.0,302.0,25
TAMAN PULAI UTAMA,SKUDAI,JOHOR,FREEHOLD,FLAT,150000.0,228.0,25
TAMAN PAUH INDAH,PERAI,PENANG,FREEHOLD,FLAT,185000.0,316.0,25
PELANGI DAMANSARA,BANDAR UTAMA,SELANGOR,LEASEHOLD,APARTMENT,450000.0,576.0,25
SURIAMAS SUITES,JOHOR BAHRU,JOHOR,LEASEHOLD,SERVICE RESIDENCE,400000.0,426.0,25
TREFOIL,SETIA ALAM,SELANGOR,FREEHOLD,SERVICE RESIDENCE,300000.0,548.0,25
RESIDENSI ADELIA,BANGI,SELANGOR,FREEHOLD,CONDOMINIUM,350000.0,323.0,25
SS5 PETALING JAYA,PETALING JAYA,SELANGOR,FREEHOLD,TERRACE HOUSE,700000.0,378.0,24
TAMAN LAVENDER HEIGHTS,SENAWANG,NEGERI SEMBILAN,FREEHOLD,BUNGALOW,440000.0,232.0,24
"ELEMEN @ 18, PENGKALAN",IPOH,PERAK,LEASEHOLD,CLUSTER HOUSE,428000.0,168.0,24
TAMAN MAWAR,SANDAKAN,SABAH,LEASEHOLD,TERRACE HOUSE,325000.0,273.0,24
TAMAN SATU KRUBONG,KRUBONG,MELAKA,FREEHOLD,BUNGALOW,685000.0,234.0,24
TAMAN SATU KRUBONG,KRUBONG,MELAKA,FREEHOLD,TERRACE HOUSE,685000.0,234.0,24
TAMAN INDERAWASIH,PERAI,PENANG,FREEHOLD,TERRACE HOUSE,514000.0,318.0,24
BANDAR BUKIT MAHKOTA,BANGI,SELANGOR,FREEHOLD,CLUSTER HOUSE,447500.0,337.0,24
BANDAR BUKIT MAHKOTA,BANGI,SELANGOR,FREEHOLD,SEMI D,447500.0,337.0,24
BANDAR BUKIT MAHKOTA,BANGI,SELANGOR,FREEHOLD,TERRACE HOUSE,447500.0,337.0,24
TAMAN BUKIT GALENA,SEREMBAN,NEGERI SEMBILAN,FREEHOLD,SEMI D,492500.0,276.0,24
TAMAN BUKIT GALENA,SEREMBAN,NEGERI SEMBILAN,FREEHOLD,TERRACE HOUSE,492500.0,276.0,24
TAMAN NUSANTARA PRIMA,GELANG PATAH,JOHOR,FREEHOLD,CLUSTER HOUSE,675000.0,337.0,24
TAMAN NUSANTARA PRIMA,GELANG PATAH,JOHOR,FREEHOLD,TERRACE HOUSE,675000.0,337.0,24
TAMAN NUSA INDAH,ISKANDAR PUTERI (NUSAJAYA),JOHOR,FREEHOLD,TERRACE HOUSE,650000.0,427.0,24
TAMAN BANTING BARU,BANTING,SELANGOR,FREEHOLD,TERRACE HOUSE,315000.0,248.0,24
TAMAN JASMIN,KAJANG,SELANGOR,FREEHOLD,TERRACE HOUSE,442000.0,357.0,24
KINRARA RESIDENCE,PUCHONG,SELANGOR,LEASEHOLD,SEMI D,1838000.0,717.0,24
KINRARA RESIDENCE,PUCHONG,SELANGOR,LEASEHOLD,TERRACE HOUSE,1526237.5,717.0,24
TAMAN NURI,DURIAN TUNGGAL,MELAKA,FREEHOLD,CLUSTER HOUSE,699000.0,213.0,24
TAMAN NURI,DURIAN TUNGGAL,MELAKA,FREEHOLD,SEMI D,699000.0,213.0,24
TAMAN NUSA INTAN,AMPANGAN,NEGERI SEMBILAN,FREEHOLD,TERRACE HOUSE,382500.0,231.0,24
TAMAN UNIVERSITI INDAH,SERI KEMBANGAN,SELANGOR,FREEHOLD,SEMI D,582500.0,477.0,24
TAMAN UNIVERSITI INDAH,SERI KEMBANGAN,SELANGOR,FREEHOLD,TERRACE HOUSE,582500.0,477.0,24
TAMAN KERJASAMA,BUKIT BARU,MELAKA,FREEHOLD,TERRACE HOUSE,380000.0,245.0,24
SRI INDERAPURA,KUANTAN,PAHANG,LEASEHOLD,SEMI D,192500.0,150.0,24
SRI INDERAPURA,KUANTAN,PAHANG,LEASEHOLD,TERRACE HOUSE,192500.0,150.0,24
TAMAN BUKIT RANGIN PERDANA 1 & 2,KUANTAN,PAHANG,LEASEHOLD,TERRACE HOUSE,225000.0,173.0,24
TAMAN SRI SERDANG,SERI KEMBANGAN,SELANGOR,LEASEHOLD,TERRACE HOUSE,420000.0,286.0,24
SEKSYEN 13 SHAH ALAM,SHAH ALAM,SELANGOR,LEASEHOLD,BUNGALOW,1750000.0,452.0,24
SEKSYEN 13 SHAH ALAM,SHAH ALAM,SELANGOR,LEASEHOLD,SEMI D,1750000.0,452.0,24
SEKSYEN 13 SHAH ALAM,SHAH ALAM,SELANGOR,LEASEHOLD,TERRACE HOUSE,1526237.5,452.0,24
BANDAR SULTAN SULAIMAN,KAPAR,SELANGOR,LEASEHOLD,TERRACE HOUSE,260000.0,251.0,24
TAMAN MAWAR,SERENDAH,SELANGOR,FREEHOLD,TERRACE HOUSE,398040.0,306.0,24
TANJONG PINANG,TANJONG TOKONG,PENANG,FREEHOLD,TERRACE HOUSE,1526237.5,960.0,24
DESA RESTU,SEPANG,SELANGOR,LEASEHOLD,TERRACE HOUSE,575000.0,437.0,24
COUNTRY VILLAS,BEMBAN,MELAKA,LEASEHOLD,SEMI D,645000.0,388.0,24
COUNTRY VILLAS,BEMBAN,MELAKA,LEASEHOLD,TERRACE HOUSE,645000.0,388.0,24
KOI KINRARA,PUCHONG,SELANGOR,FREEHOLD,SERVICE RESIDENCE,560000.0,532.0,24
PUNCAK ERSKINE,TANJONG TOKONG,PENANG,FREEHOLD,APARTMENT,175000.0,290.0,24
SUBANG PERDANA GOODYEAR COURT 10,SUBANG JAYA,SELANGOR,FREEHOLD,APARTMENT,374000.0,368.0,24
THE PARK RESIDENCES 1,KAMPUNG KERINCHI (BANGSAR SOUTH),KUALA LUMPUR,LEASEHOLD,CONDOMINIUM,1180000.0,601.0,24
TAMAN CENDANA,PASIR GUDANG,JOHOR,LEASEHOLD,FLAT,130000.0,251.0,24
PANGSAPURI KASUARINA,KLANG,SELANGOR,FREEHOLD,APARTMENT,380000.0,420.0,24
11 MONT KIARA @ MK11,MONT KIARA,KUALA LUMPUR,FREEHOLD,CONDOMINIUM,1620000.0,839.0,24
TAMAN DESA CHEMOR IMPIAN,CHEMOR,PERAK,LEASEHOLD,TERRACE HOUSE,342240.0,244.0,23
PINGGIRAN BAYU (MANTAU),RASAH,NEGERI SEMBILAN,FREEHOLD,TERRACE HOUSE,488000.0,349.0,23
RASAH KEMAYAN (KEMAYAN COUNTRY TOWNSHIP),RASAH,NEGERI SEMBILAN,FREEHOLD,BUNGALOW,620000.0,128.0,23
LEMBAH BERINGIN,KUALA KUBU BARU,SELANGOR,FREEHOLD,TERRACE HOUSE,155000.0,70.0,23
SEKSYEN 27 SHAH ALAM,SHAH ALAM,SELANGOR,FREEHOLD,SEMI D,700000.0,376.0,23
SEKSYEN 27 SHAH ALAM,SHAH ALAM,SELANGOR,FREEHOLD,TERRACE HOUSE,700000.0,376.0,23
TAMAN RAPAT PERMAI,IPOH,PERAK,LEASEHOLD,TERRACE HOUSE,368000.0,223.0,23
TIMUR,BANDAR ENSTEK,NEGERI SEMBILAN,FREEHOLD,TERRACE HOUSE,570000.0,264.0,23
TAMAN BUKIT RAHMAN PUTRA,SUNGAI BULOH,SELANGOR,FREEHOLD,CLUSTER HOUSE,700000.0,424.0,23
TAMAN BUKIT RAHMAN PUTRA,SUNGAI BULOH,SELANGOR,FREEHOLD,TERRACE HOUSE,700000.0,424.0,23
TAMAN WIRA (RPA MERGONG),ALOR SETAR,KEDAH,FREEHOLD,TERRACE HOUSE,39600.0,38.0,23
TAMAN MERDEKA JAYA (AERONOTIK TAIPAN),BATU BERENDAM,MELAKA,LEASEHOLD,TERRACE HOUSE,300000.0,227.0,23
TAMAN AMAN PERDANA,KAPAR,SELANGOR,FREEHOLD,SEMI D,850000.0,321.0,23
SETAPAK JAYA,SETAPAK,KUALA LUMPUR,LEASEHOLD,CLUSTER HOUSE,240000.0,385.0,23
TAMAN KLEBANG JAYA,CHEMOR,PERAK,LEASEHOLD,TERRACE HOUSE,200000.0,167.0,23
BANDAR BARU KUNDANG,RAWANG,SELANGOR,LEASEHOLD,TERRACE HOUSE,642630.0,456.0,23
TAMAN KELEMAK UTAMA,ALOR GAJAH,MELAKA,FREEHOLD,TERRACE HOUSE,398760.0,306.0,23
SEKSYEN 21,PETALING JAYA,SELANGOR,FREEHOLD,BUNGALOW,763000.0,493.0,23
SEKSYEN 21,PETALING JAYA,SELANGOR,FREEHOLD,TERRACE HOUSE,763000.0,493.0,23
BANDAR BUKIT TINGGI,PANDAMARAN,SELANGOR,FREEHOLD,TERRACE HOUSE,686000.0,455.0,23
AMARA,BATU CAVES,SELANGOR,FREEHOLD,SERVICE RESIDENCE,430000.0,440.0,23
I-PARK APARTMENT,SUNGAI ARA,PENANG,FREEHOLD,FLAT,250000.0,375.0,23
DESA LEMBAH PERMAI,AMPANG,SELANGOR,LEASEHOLD,FLAT,67000.0,102.0,23
JUTA MINES,SERI KEMBANGAN,SELANGOR,LEASEHOLD,CONDOMINIUM,450000.0,370.0,23
BEVERLY HILLS 2,KOTA KINABALU,SABAH,LEASEHOLD,APARTMENT,300000.0,372.0,23
SOLARIS DUTAMAS,DUTAMAS,KUALA LUMPUR,FREEHOLD,SERVICE RESIDENCE,900000.0,801.0,23
PANGSAPURI PERDANA VILLA,KLANG,SELANGOR,FREEHOLD,APARTMENT,300000.0,310.0,23
D'ESPLANADE RESIDENCE,JOHOR BAHRU,JOHOR,FREEHOLD,SERVICE RESIDENCE,550000.0,673.0,23
THE PLATINO SERVICED APARTMENT,TAMPOI,JOHOR,FREEHOLD,SERVICE RESIDENCE,601900.0,666.0,23
SRI IMPIAN APARTMENT,JOHOR BAHRU,JOHOR,LEASEHOLD,APARTMENT,280000.0,292.0,23
TAMAN ALOR VISTA,BAYAN LEPAS,PENANG,FREEHOLD,APARTMENT,200000.0,387.0,23
SEREMBAN PUTRA,SIKAMAT,NEGERI SEMBILAN,FREEHOLD,APARTMENT,185000.0,221.0,23
MUTIARA IDAMAN 1,JELUTONG,PENANG,LEASEHOLD,FLAT,282000.0,452.0,23
TAMAN PANDAN INDAH,AMPANG,SELANGOR,LEASEHOLD,FLAT,175000.0,264.0,23
TAMAN RASAH JAYA II,RASAH,NEGERI SEMBILAN,FREEHOLD,TERRACE HOUSE,235000.0,182.0,22
RUMAH MAKMUR KAMPUNG TIRAM,KUANTAN,PAHANG,LEASEHOLD,TERRACE HOUSE,80000.0,73.0,22
TAMAN GOPENG MEWAH,GOPENG,PERAK,LEASEHOLD,TERRACE HOUSE,277235.0,167.0,22
TAMAN LANG RESIDENCES,IPOH,PERAK,FREEHOLD,TERRACE HOUSE,459800.0,328.0,22
ASTANA PARK HOMES - VILLA NATURA,SUNGAI PETANI,KEDAH,FREEHOLD,BUNGALOW,378000.0,202.0,22
ASTANA PARK HOMES - VILLA NATURA,SUNGAI PETANI,KEDAH,FREEHOLD,SEMI D,378000.0,202.0,22
ASTANA PARK HOMES - VILLA NATURA,SUNGAI PETANI,KEDAH,FREEHOLD,TERRACE HOUSE,378000.0,202.0,22
TAMAN PERPADUAN KOPERASI,TAMBUN,PERAK,LEASEHOLD,TERRACE HOUSE,342500.0,216.0,22
GLENMARIE INDUSTRIAL PARK,GLENMARIE,SELANGOR,FREEHOLD,SEMI D,1838000.0,617.0,22
GLENMARIE INDUSTRIAL PARK,GLENMARIE,SELANGOR,FREEHOLD,TERRACE HOUSE,1526237.5,617.0,22
DESA SETAPAK,WANGSA MAJU,KUALA LUMPUR,FREEHOLD,TERRACE HOUSE,413500.0,659.0,22
TAMAN JUASSEH SENTOSA,JUASSEH,NEGERI SEMBILAN,FREEHOLD,TERRACE HOUSE,81500.0,67.0,22
TAMAN DESA,MUAR,JOHOR,FREEHOLD,TERRACE HOUSE,490000.0,295.0,22
TAMAN KAMPAR PUTRA,KAMPAR,PERAK,LEASEHOLD,TERRACE HOUSE,259000.0,159.0,22
TAMAN MERAK,SIMPANG AMPAT,PENANG,FREEHOLD,TERRACE HOUSE,297500.0,291.0,22
TAMAN SRI LAYANG,MENTAKAB,PAHANG,FREEHOLD,TERRACE HOUSE,170000.0,160.0,22
TAMAN PUSING PERMAI,PUSING,PERAK,LEASEHOLD,TERRACE HOUSE,273800.0,229.0,22
DESA COALFIELDS,IJOK,SELANGOR,FREEHOLD,TERRACE HOUSE,467500.0,324.0,22
TAMAN MELATI FASA II,JENJAROM,SELANGOR,FREEHOLD,TERRACE HOUSE,680000.0,419.0,22
TAMAN DESA PUTERI,BAHAU,NEGERI SEMBILAN,FREEHOLD,TERRACE HOUSE,300000.0,179.0,22
TAMAN SEJATI KEHIJAUAN,KLANG,SELANGOR,FREEHOLD,TERRACE HOUSE,1138000.0,582.0,22
USJ 4,SUBANG JAYA,SELANGOR,FREEHOLD,TERRACE HOUSE,915000.0,499.0,22
TAMAN SAUJANA RAWANG,RAWANG,SELANGOR,LEASEHOLD,TERRACE HOUSE,521000.0,315.0,22
BEHRANG 2020 / TAMAN WAWASAN,ULU BERNAM,PERAK,FREEHOLD,TERRACE HOUSE,252500.0,198.0,22
TAMAN MENTAKAB INDAH,MENTAKAB,PAHANG,FREEHOLD,TERRACE HOUSE,105500.0,101.0,22
AVIRA GARDEN TERRACES @ MEDINI,ISKANDAR PUTERI (NUSAJAYA),JOHOR,FREEHOLD,TERRACE HOUSE,999000.0,569.0,22
TAMAN PUCHONG PERDANA,PUCHONG,SELANGOR,LEASEHOLD,TERRACE HOUSE,375000.0,342.0,22
TAMAN PONTIAN PERDANA,PONTIAN,JOHOR,FREEHOLD,BUNGALOW,541600.0,150.0,22
BANDAR BARU PERMAS JAYA,PERMAS JAYA,JOHOR,FREEHOLD,FLAT,172500.0,232.0,22
BANDAR DAMAI PERDANA (LOW COST),CHERAS,SELANGOR,FREEHOLD,CONDOMINIUM,457500.0,458.0,22
PRIMA REGENCY,JOHOR BAHRU,JOHOR,FREEHOLD,APARTMENT,351500.0,332.0,22
SERI SEMARAK (ASIA HEIGHTS),AYER ITAM,PENANG,FREEHOLD,APARTMENT,265000.0,425.0,22
JADITE SUITES,KAJANG,SELANGOR,FREEHOLD,SERVICE RESIDENCE,688800.0,472.0,22
CYBERIA SMART HOMES,CYBERJAYA,SELANGOR,FREEHOLD,CONDOMINIUM,250000.0,238.0,22
RASAH JAYA FLAT,RASAH,NEGERI SEMBILAN,FREEHOLD,FLAT,68000.0,102.0,22
CASA TIARA SERVICED APARTMENT,SUBANG JAYA,SELANGOR,FREEHOLD,SERVICE RESIDENCE,416500.0,550.0,22
DANGA VIEW APARTMENT,TAMPOI,JOHOR,FREEHOLD,APARTMENT,420000.0,340.0,22
D'AMBIENCE RESIDENCES (PANGSAPURI IKATAN FLORA),PERMAS JAYA,JOHOR,FREEHOLD,SERVICE RESIDENCE,339000.0,396.0,22
SRI LANANG,TEBRAU,JOHOR,FREEHOLD,FLAT,170000.0,226.0,22
DESA PERMAI INDAH FLAT,SUNGAI DUA,PENANG,LEASEHOLD,FLAT,180000.0,328.0,22
THE HERITAGE RESIDENCE,SERI KEMBANGAN,SELANGOR,LEASEHOLD,SERVICE RESIDENCE,297500.0,379.0,22
TAMAN PELANGI,SEMENYIH,SELANGOR,FREEHOLD,TERRACE HOUSE,450000.0,301.0,21
SETIA ECO GLADES,CYBERJAYA,SELANGOR,FREEHOLD,BUNGALOW,1200000.0,513.0,21
SETIA ECO GLADES,CYBERJAYA,SELANGOR,FREEHOLD,TERRACE HOUSE,1200000.0,513.0,21
JALAN JENDERAM-SALAK,DENGKIL,SELANGOR,FREEHOLD,CLUSTER HOUSE,1438800.0,616.0,21
"KEMUNING UTAMA, SEKSYEN 32",SHAH ALAM,SELANGOR,FREEHOLD,TERRACE HOUSE,828000.0,501.0,21
TAMAN CHEPOR MUTIARA,IPOH,PERAK,LEASEHOLD,CLUSTER HOUSE,398000.0,235.0,21
TAMAN CHEPOR MUTIARA,IPOH,PERAK,LEASEHOLD,TERRACE HOUSE,398000.0,235.0,21
PERUMAHAN MAKMUR KUALA LANAR INDAH JAYA,KUALA LIPIS,PAHANG,LEASEHOLD,TERRACE HOUSE,80000.0,61.0,21
TAMAN CASSIA CEMPAKA,BATU KAWAN,PENANG,FREEHOLD,SEMI D,625320.0,395.0,21
TAMAN CASSIA CEMPAKA,BATU KAWAN,PENANG,FREEHOLD,TERRACE HOUSE,625320.0,395.0,21
TAMAN EKOFLORA,TEBRAU,JOHOR,FREEHOLD,CLUSTER HOUSE,960000.0,530.0,21
TAMAN EKOFLORA,TEBRAU,JOHOR,FREEHOLD,TERRACE HOUSE,960000.0,530.0,21
TAMAN SERULING EMAS,SUNGAI JAWI,PENANG,FREEHOLD,TERRACE HOUSE,325000.0,195.0,21
TAMAN BANDAR SENAWANG,SENAWANG,NEGERI SEMBILAN,FREEHOLD,TERRACE HOUSE,440000.0,246.0,21
TAMAN DESA BUKIT PERMATA,KAPAR,SELANGOR,FREEHOLD,TERRACE HOUSE,460000.0,191.0,21
TAMAN RAJA MUDA MUSA II,SITIAWAN,PERAK,FREEHOLD,TERRACE HOUSE,288800.0,180.0,21
TAMAN PUTRA PERDANA,PUCHONG,SELANGOR,LEASEHOLD,TERRACE HOUSE,450000.0,286.0,21
DESA LAHAT SRI -WANG,LAHAT,PERAK,LEASEHOLD,TERRACE HOUSE,318880.0,267.0,21
TAMAN SAGA,KULIM,KEDAH,FREEHOLD,SEMI D,269500.0,166.0,21
TAMAN SAGA,KULIM,KEDAH,FREEHOLD,TERRACE HOUSE,269500.0,166.0,21
KUALA BESUT,BESUT,TERENGGANU,FREEHOLD,BUNGALOW,335000.0,190.0,21
KUALA BESUT,BESUT,TERENGGANU,FREEHOLD,SEMI D,335000.0,190.0,21
KUALA BESUT,BESUT,TERENGGANU,FREEHOLD,TERRACE HOUSE,335000.0,190.0,21
TAMAN BUKIT KEPAYANG,BUKIT KEPAYANG,NEGERI SEMBILAN,FREEHOLD,TERRACE HOUSE,380000.0,231.0,21
KAMPUNG PADANG 1,KUANTAN,PAHANG,LEASEHOLD,TERRACE HOUSE,170000.0,153.0,21
TAMAN PINJI MEWAH,IPOH,PERAK,LEASEHOLD,SEMI D,285000.0,171.0,21
TAMAN PINJI MEWAH,IPOH,PERAK,LEASEHOLD,TERRACE HOUSE,285000.0,171.0,21
TAMAN SEJAHTERA (SPT),BUKIT MERTAJAM,PENANG,FREEHOLD,TERRACE HOUSE,350000.0,297.0,21
KEPONG GARDEN,KEPONG,KUALA LUMPUR,FREEHOLD,TERRACE HOUSE,780000.0,434.0,21
TAMAN SETAPAK (SETAPAK GARDEN),SETAPAK,KUALA LUMPUR,FREEHOLD,TERRACE HOUSE,600000.0,341.0,21
WANGSA MELAWATI,WANGSA MAJU,KUALA LUMPUR,FREEHOLD,TERRACE HOUSE,720000.0,578.0,21
TAMAN DESA JAYA,KEPONG,SELANGOR,LEASEHOLD,TERRACE HOUSE,500000.0,349.0,21
TAMAN KLEBANG MUTIARA,IPOH,PERAK,LEASEHOLD,TERRACE HOUSE,300000.0,214.0,21
BANDAR SEGAMAT BARU,SEGAMAT,JOHOR,FREEHOLD,BUNGALOW,220000.0,125.0,21
BANDAR SEGAMAT BARU,SEGAMAT,JOHOR,FREEHOLD,TERRACE HOUSE,220000.0,125.0,21
TAMAN BERSATU (BATAS PAIP),KUALA KEDAH,KEDAH,FREEHOLD,TERRACE HOUSE,200000.0,229.0,21
TAMAN LUMUT MEWAH 2,LUMUT,PERAK,FREEHOLD,TERRACE HOUSE,418800.0,263.0,21
BANDAR SIERRA PUCHONG,PUCHONG,SELANGOR,LEASEHOLD,TERRACE HOUSE,1260000.0,571.0,21
BANDAR SIERRA PUCHONG,PUCHONG,SELANGOR,LEASEHOLD,TOWN HOUSE,1260000.0,571.0,21
RAZAKI,IPOH,PERAK,LEASEHOLD,SEMI D,255000.0,157.0,21
RAZAKI,IPOH,PERAK,LEASEHOLD,TERRACE HOUSE,255000.0,157.0,21
TAMAN SERI MENGKUANG,KUALA SELANGOR,SELANGOR,FREEHOLD,TERRACE HOUSE,342500.0,222.0,21
TAMAN RAMBAI UTAMA,TANJONG MINYAK,MELAKA,FREEHOLD,TERRACE HOUSE,240000.0,200.0,21
"TAMAN PELANGI INDAH, SITIAWAN",SITIAWAN,PERAK,FREEHOLD,SEMI D,480000.0,166.0,21
BAYU PUTERI 2,JOHOR BAHRU,JOHOR,LEASEHOLD,APARTMENT,310000.0,343.0,21
STRAITS VIEW CONDOMINIUM,PERMAS JAYA,JOHOR,FREEHOLD,CONDOMINIUM,495000.0,304.0,21
TAMAN MOUNT AUSTIN,TEBRAU,JOHOR,FREEHOLD,FLAT,250000.0,438.0,21
PD PERDANA,PORT DICKSON,NEGERI SEMBILAN,FREEHOLD,APARTMENT,95000.0,126.0,21
SEKSYEN 4 WANGSA MAJU FLAT,WANGSA MAJU,KUALA LUMPUR,LEASEHOLD,FLAT,210000.0,398.0,21
BAYU PUTERI 3,JOHOR BAHRU,JOHOR,LEASEHOLD,APARTMENT,350000.0,372.0,21
SERI MAYA CONDOMINIUM,ULU KLANG,SELANGOR,FREEHOLD,CONDOMINIUM,530000.0,413.0,21
ST REGIS,KL SENTRAL,KUALA LUMPUR,FREEHOLD,SERVICE RESIDENCE,1341465.0,1815.0,21
MAXIM CITYLIGHTS @ SENTUL KL,SENTUL,KUALA LUMPUR,LEASEHOLD,SERVICE RESIDENCE,365000.0,371.0,21
BISTARI IMPIAN APARTMENT,JOHOR BAHRU,JOHOR,LEASEHOLD,APARTMENT,360000.0,335.0,21
AXIS RESIDENCE @ AXIS PANDAN,AMPANG,SELANGOR,LEASEHOLD,SERVICE RESIDENCE,330000.0,352.0,21
TAMAN SERI JANGGUS,BUKIT MERTAJAM,PENANG,FREEHOLD,FLAT,120000.0,186.0,21
ONE FORESTA,BAYAN LEPAS,PENANG,FREEHOLD,CONDOMINIUM,450000.0,492.0,21
TAMAN PAKATAN JAYA,TAMBUN,PERAK,LEASEHOLD,TERRACE HOUSE,302500.0,245.0,20
SS23 TAMAN SEA,PETALING JAYA,SELANGOR,FREEHOLD,TERRACE HOUSE,1372500.0,797.0,20
"KEMUNING UTAMA, SEKSYEN 33",SHAH ALAM,SELANGOR,FREEHOLD,SEMI D,909000.0,465.0,20
"KEMUNING UTAMA, SEKSYEN 33",SHAH ALAM,SELANGOR,FREEHOLD,TERRACE HOUSE,909000.0,465.0,20
TAMAN AKASIA (ACACIA HEIGHTS),KLUANG,JOHOR,FREEHOLD,CLUSTER HOUSE,610500.0,208.0,20
TAMAN AKASIA (ACACIA HEIGHTS),KLUANG,JOHOR,FREEHOLD,SEMI D,610500.0,208.0,20
TAMAN PUNCAK HARMONI,KUALA KANGSAR,PERAK,FREEHOLD,TERRACE HOUSE,318000.0,196.0,20
QUEENSBURY @ MAHKOTA HILLS,LENGGENG,NEGERI SEMBILAN,FREEHOLD,TERRACE HOUSE,529500.0,373.0,20
BB SETIA AWAN PERDANA RESIDEN 7,SITIAWAN,PERAK,FREEHOLD,CLUSTER HOUSE,248000.0,129.0,20
TAMAN DAIMAN JAYA,KOTA TINGGI,JOHOR,FREEHOLD,CLUSTER HOUSE,776900.0,320.0,20
POLO PARK,JOHOR BAHRU,JOHOR,FREEHOLD,TOWN HOUSE,320000.0,272.0,20
PERKAMPUNGAN CENDERAWASIH,KUANTAN,PAHANG,LEASEHOLD,TERRACE HOUSE,205000.0,217.0,20
BANDAR BARU TANGKAK,TANGKAK,JOHOR,FREEHOLD,CLUSTER HOUSE,288800.0,107.0,20
BANDAR BARU TANGKAK,TANGKAK,JOHOR,FREEHOLD,TERRACE HOUSE,288800.0,107.0,20
TAMAN HIJRAH,KAPAR,SELANGOR,FREEHOLD,TERRACE HOUSE,450000.0,355.0,20
TAMAN LIMBONGAN PERMAI,KLEBANG,MELAKA,FREEHOLD,TERRACE HOUSE,289000.0,187.0,20
BANDAR SRI PUTRA,BANGI,SELANGOR,FREEHOLD,SEMI D,615000.0,335.0,20
BANDAR SRI PUTRA,BANGI,SELANGOR,FREEHOLD,TERRACE HOUSE,615000.0,335.0,20
TROPICANA DANGA COVE,MASAI,JOHOR,FREEHOLD,TERRACE HOUSE,767500.0,501.0,20
PANORAMA LAPANGAN SAUJANA (GREEN PARK),IPOH,PERAK,LEASEHOLD,CLUSTER HOUSE,638800.0,236.0,20
TAMAN GEMBIRA,TAMPOI,JOHOR,FREEHOLD,TERRACE HOUSE,432500.0,283.0,20
TAMAN SERI BAYU,SUNGAI PETANI,KEDAH,FREEHOLD,TERRACE HOUSE,200000.0,164.0,20
TAMAN IPOH SELATAN,IPOH,PERAK,FREEHOLD,TERRACE HOUSE,397500.0,203.0,20
TAMAN TANGKAK JAYA - TR 381,TANGKAK,JOHOR,FREEHOLD,TERRACE HOUSE,287500.0,184.0,20
BANDAR HILLPARK,BANDAR PUNCAK ALAM,SELANGOR,LEASEHOLD,TERRACE HOUSE,560000.0,341.0,20
TAMU HILL PARK,BATANG KALI,SELANGOR,FREEHOLD,TERRACE HOUSE,400000.0,244.0,20
TAMAN MUNSYI IBRAHIM,TAMPOI,JOHOR,FREEHOLD,TERRACE HOUSE,375000.0,406.0,20
TAMAN MERDEKA,BATU BERENDAM,MELAKA,LEASEHOLD,TERRACE HOUSE,326500.0,182.0,20
TAMAN MERDEKA,BATU BERENDAM,MELAKA,LEASEHOLD,TOWN HOUSE,326500.0,182.0,20
SETIA ECO CASCADIA,TEBRAU,JOHOR,FREEHOLD,TERRACE HOUSE,814300.0,462.0,20
D'PUTRA SUITES,SENAI,JOHOR,FREEHOLD,SERVICE RESIDENCE,528900.0,520.0,20
M CONDOMINIUM @ LARKIN,JOHOR BAHRU,JOHOR,LEASEHOLD,CONDOMINIUM,485000.0,439.0,20
KUCHAI AVENUE,KUCHAI LAMA,KUALA LUMPUR,FREEHOLD,SERVICE RESIDENCE,580000.0,626.0,20
PARAGON RESIDENCES @ STRAITS VIEW,JOHOR BAHRU,JOHOR,FREEHOLD,SERVICE RESIDENCE,942450.0,611.0,20
DESA SATU,KEPONG,SELANGOR,FREEHOLD,FLAT,166500.0,253.0,20
TAMAN TUN HUSSEIN ONN,PERAI,PENANG,FREEHOLD,FLAT,110000.0,195.0,20
SRI PANGLIMA,JOHOR BAHRU,JOHOR,LEASEHOLD,APARTMENT,240000.0,265.0,20
DESA IMPIANA,PUCHONG,SELANGOR,FREEHOLD,CONDOMINIUM,400000.0,340.0,20
SAMUDERA 1,SERI MANJONG,PERAK,FREEHOLD,APARTMENT,223300.0,239.0,20
LAGUNA CONDO RESORT,PORT DICKSON,NEGERI SEMBILAN,FREEHOLD,CONDOMINIUM,95000.0,117.0,20
RIDZUAN CONDOMINIUM,BANDAR SUNWAY,SELANGOR,LEASEHOLD,CONDOMINIUM,500000.0,420.0,20
COSTA MAHKOTA,MELAKA CITY,MELAKA,LEASEHOLD,APARTMENT,204500.0,336.0,20
SUBANG PERDANA GOODYEAR COURT 7,SUBANG JAYA,SELANGOR,FREEHOLD,APARTMENT,376500.0,393.0,20
SURIA KIPARK DAMANSARA,KEPONG,SELANGOR,FREEHOLD,APARTMENT,445000.0,454.0,20
JADE VIEW,GELUGOR,PENANG,FREEHOLD,APARTMENT,293500.0,426.0,20
APARTMENT SRI RAKYAT,BUKIT JALIL,KUALA LUMPUR,FREEHOLD,APARTMENT,235000.0,352.0,20
RUMAH PANGSA COLLEGE HEIGHTS PAJAM,MANTIN,NEGERI SEMBILAN,FREEHOLD,FLAT,70000.0,114.0,20
RHYTHM AVENUE,SUBANG JAYA,SELANGOR,FREEHOLD,SERVICE RESIDENCE,290000.0,378.0,20
TAMAN SOGA,BATU PAHAT,JOHOR,FREEHOLD,TERRACE HOUSE,330000.0,208.0,19
TAMAN WANGSA PERMAI,KEPONG,SELANGOR,LEASEHOLD,TERRACE HOUSE,737000.0,488.0,19
GARDEN HOMES @ SEREMBAN 2,SEREMBAN 2,NEGERI SEMBILAN,FREEHOLD,TERRACE HOUSE,370000.0,220.0,19
TAMAN BINTULU JAYA,BINTULU,SARAWAK,FREEHOLD,TERRACE HOUSE,80000.0,44.0,19
ATABARA RESIDENCE FASA 8 (PL 76003),KUANTAN,PAHANG,FREEHOLD,TERRACE HOUSE,325000.0,163.0,19
HUTAN MELINTANG RESIDENCE,HUTAN MELINTANG,PERAK,FREEHOLD,SEMI D,438800.0,136.0,19
HUTAN MELINTANG RESIDENCE,HUTAN MELINTANG,PERAK,FREEHOLD,TERRACE HOUSE,438800.0,136.0,19
TAMAN KOTA PERMAI,BUKIT MERTAJAM,PENANG,FREEHOLD,SEMI D,470000.0,300.0,19
TAMAN KOTA PERMAI,BUKIT MERTAJAM,PENANG,FREEHOLD,TERRACE HOUSE,470000.0,300.0,19
BANDAR BARU SUNGAI BULOH,SUNGAI BULOH,SELANGOR,LEASEHOLD,TERRACE HOUSE,440000.0,315.0,19
TAMAN JOHOR,TAMPOI,JOHOR,FREEHOLD,BUNGALOW,500000.0,259.0,19
TAMAN JOHOR,TAMPOI,JOHOR,FREEHOLD,TERRACE HOUSE,500000.0,259.0,19
BANGSAR BARU,BANGSAR,KUALA LUMPUR,FREEHOLD,BUNGALOW,1710000.0,814.0,19
BANGSAR BARU,BANGSAR,KUALA LUMPUR,FREEHOLD,TERRACE HOUSE,1526237.5,814.0,19
TAMAN SERAI PERDANA,BAGAN SERAI,PERAK,FREEHOLD,SEMI D,263800.0,169.0,19
TAMAN SERAI PERDANA,BAGAN SERAI,PERAK,FREEHOLD,TERRACE HOUSE,263800.0,169.0,19
TAMAN PERMAI UTAMA,GURUN,KEDAH,FREEHOLD,SEMI D,220000.0,154.0,19
TAMAN PERMAI UTAMA,GURUN,KEDAH,FREEHOLD,TERRACE HOUSE,220000.0,154.0,19
TAMAN SERI KERUBUNG,KRUBONG,MELAKA,FREEHOLD,TERRACE HOUSE,240000.0,197.0,19
KENYALANG PARK,KUCHING,SARAWAK,LEASEHOLD,BUNGALOW,420000.0,220.0,19
KENYALANG PARK,KUCHING,SARAWAK,LEASEHOLD,TERRACE HOUSE,420000.0,220.0,19
CENTRAL CITY,KOTA SAMARAHAN,SARAWAK,FREEHOLD,TERRACE HOUSE,350000.0,205.0,19
MINDEN HEIGHTS,GELUGOR,PENANG,FREEHOLD,BUNGALOW,2200000.0,465.0,19
MINDEN HEIGHTS,GELUGOR,PENANG,FREEHOLD,TERRACE HOUSE,1526237.5,465.0,19
BUKIT RIMAU,KLANG,SELANGOR,FREEHOLD,BUNGALOW,960000.0,410.0,19
BUKIT RIMAU,KLANG,SELANGOR,FREEHOLD,SEMI D,960000.0,410.0,19
BUKIT RIMAU,KLANG,SELANGOR,FREEHOLD,TERRACE HOUSE,960000.0,410.0,19
TAMAN BAHAU,BAHAU,NEGERI SEMBILAN,FREEHOLD,TERRACE HOUSE,183000.0,155.0,19
TAMAN KRUBONG PERDANA,KRUBONG,MELAKA,FREEHOLD,BUNGALOW,443800.0,317.0,19
TAMAN KRUBONG PERDANA,KRUBONG,MELAKA,FREEHOLD,TERRACE HOUSE,443800.0,317.0,19
SETIA INDAH 9,SETIA ALAM,SELANGOR,FREEHOLD,TERRACE HOUSE,1050000.0,608.0,19
TAMAN BUKIT SENDAYAN,BANDAR SRI SENDAYAN,NEGERI SEMBILAN,LEASEHOLD,TERRACE HOUSE,250000.0,192.0,19
TAMAN SENAI UTAMA,KULAI,JOHOR,FREEHOLD,TERRACE HOUSE,420000.0,260.0,19
TAMAN MEGAH JAYA,TAWAU,SABAH,LEASEHOLD,SEMI D,400000.0,220.0,19
TAMAN MEGAH JAYA,TAWAU,SABAH,LEASEHOLD,TERRACE HOUSE,400000.0,220.0,19
TAMAN DESA PALMA,TEBRAU,JOHOR,FREEHOLD,TERRACE HOUSE,577150.0,372.0,19
BUKIT BANDARAYA,BANGSAR,KUALA LUMPUR,FREEHOLD,BUNGALOW,2500000.0,751.0,19
BUKIT BANDARAYA,BANGSAR,KUALA LUMPUR,FREEHOLD,TERRACE HOUSE,1526237.5,751.0,19
TAMAN CHAI LENG,PERAI,PENANG,FREEHOLD,TERRACE HOUSE,490000.0,265.0,19
TAMAN SELAYANG JAYA,SELAYANG,SELANGOR,FREEHOLD,TERRACE HOUSE,680000.0,551.0,19
TAMAN ANGGUN,RAWANG,SELANGOR,FREEHOLD,TERRACE HOUSE,837000.0,409.0,19
TAMAN SERI AMAN,MASJID TANAH,MELAKA,FREEHOLD,TERRACE HOUSE,200000.0,142.0,19
TAMAN KLUANG INDAH,KLUANG,JOHOR,FREEHOLD,TERRACE HOUSE,250000.0,209.0,19
TAMAN SRI MAWAR I,SEREMBAN,NEGERI SEMBILAN,FREEHOLD,TERRACE HOUSE,250000.0,182.0,19
TAMAN SAUJANA INDAH,BUKIT KATIL,MELAKA,FREEHOLD,SEMI D,315000.0,194.0,19
TAMAN SAUJANA INDAH,BUKIT KATIL,MELAKA,FREEHOLD,TERRACE HOUSE,315000.0,194.0,19
TAMAN SAUJANA INDAH,BUKIT KATIL,MELAKA,FREEHOLD,TOWN HOUSE,315000.0,194.0,19
TAMAN MUDA,AMPANG,SELANGOR,LEASEHOLD,TERRACE HOUSE,500000.0,590.0,19
SEKSYEN 3 BANDAR BARU BANGI,BANGI,SELANGOR,LEASEHOLD,TERRACE HOUSE,590000.0,357.0,19
TAMAN CHERAS JAYA,BALAKONG,SELANGOR,LEASEHOLD,TERRACE HOUSE,425000.0,249.0,19
KOTA WARISAN,DENGKIL,SELANGOR,FREEHOLD,SEMI D,500000.0,260.0,19
KOTA WARISAN,DENGKIL,SELANGOR,FREEHOLD,TERRACE HOUSE,500000.0,260.0,19
TAMAN PUTERI,KLUANG,JOHOR,FREEHOLD,TERRACE HOUSE,160000.0,128.0,19
TAMAN MALIHAH,KUCHING,SARAWAK,LEASEHOLD,TERRACE HOUSE,248000.0,133.0,19
ARCORIS RESIDENCES,MONT KIARA,KUALA LUMPUR,FREEHOLD,SERVICE RESIDENCE,1010000.0,1106.0,19
PUTRI RIA APARTMENT,MASAI,JOHOR,FREEHOLD,APARTMENT,265000.0,281.0,19
SKY VIEW,ISKANDAR PUTERI (NUSAJAYA),JOHOR,FREEHOLD,SERVICE RESIDENCE,410000.0,515.0,19
TAMAN SETIA JAYA,ALOR SETAR,KEDAH,FREEHOLD,FLAT,68000.0,124.0,19
28 MONT KIARA @ MK28,MONT KIARA,KUALA LUMPUR,FREEHOLD,CONDOMINIUM,1620000.0,756.0,19
PRIMA SETAPAK FLAT,SETAPAK,KUALA LUMPUR,LEASEHOLD,CONDOMINIUM,350000.0,301.0,19
PRIMA SETAPAK FLAT,SETAPAK,KUALA LUMPUR,LEASEHOLD,FLAT,350000.0,301.0,19
THE SPRING,JELUTONG,PENANG,LEASEHOLD,CONDOMINIUM,520000.0,551.0,19
VISTA LAVENDER,BANDAR KINRARA,SELANGOR,LEASEHOLD,APARTMENT,200000.0,235.0,19
THE CAPERS @ SENTUL EAST,SENTUL,KUALA LUMPUR,FREEHOLD,CONDOMINIUM,760000.0,590.0,19
SERI MUTIARA,SETIA ALAM,SELANGOR,FREEHOLD,APARTMENT,330000.0,348.0,19
TAMAN PENAMPANG APARTMENT,PENAMPANG,SABAH,LEASEHOLD,APARTMENT,340000.0,336.0,19
VISTA SERI MELALIN,TUARAN,SABAH,LEASEHOLD,APARTMENT,290000.0,287.0,19
SELESA I RESORT APARTMENT (PANGSAPURI DAMAI MEWAH B),KAJANG,SELANGOR,FREEHOLD,APARTMENT,290000.0,302.0,19
TAMAN KETIAU,PENAMPANG,SABAH,LEASEHOLD,FLAT,190000.0,284.0,19
MIAMI GREEN,BATU FERRINGHI,PENANG,FREEHOLD,CONDOMINIUM,530000.0,447.0,19
PELANGI HEIGHTS,KLANG,SELANGOR,FREEHOLD,APARTMENT,375000.0,325.0,19
SANDILANDS,GEORGETOWN,PENANG,FREEHOLD,CONDOMINIUM,838000.0,623.0,19
TAMAN MELOR,TAMPOI,JOHOR,LEASEHOLD,FLAT,115000.0,232.0,19
APARTMENT DAHLIA,SERENDAH,SELANGOR,FREEHOLD,FLAT,65000.0,86.0,19
TAMAN PD UTAMA,PORT DICKSON,NEGERI SEMBILAN,FREEHOLD,TERRACE HOUSE,195000.0,136.0,18
SS18,SUBANG JAYA,SELANGOR,FREEHOLD,SEMI D,810000.0,463.0,18
SS18,SUBANG JAYA,SELANGOR,FREEHOLD,TERRACE HOUSE,810000.0,463.0,18
SS1 PETALING JAYA,PETALING JAYA,SELANGOR,FREEHOLD,BUNGALOW,1365000.0,310.0,18
SS1 PETALING JAYA,PETALING JAYA,SELANGOR,FREEHOLD,TERRACE HOUSE,1365000.0,310.0,18
KAJANG 2,SEMENYIH,SELANGOR,FREEHOLD,TERRACE HOUSE,869000.0,603.0,18
TAMAN JASA RIA (JESSELTON HILLS),BUKIT MERTAJAM,PENANG,FREEHOLD,SEMI D,1043800.0,336.0,18
TAMAN SEJATI LAKESIDE,CYBERJAYA,SELANGOR,FREEHOLD,TERRACE HOUSE,1311150.0,587.0,18
TAMAN SERI DAGANG 3,TANJONG DUABELAS,SELANGOR,LEASEHOLD,SEMI D,386500.0,189.0,18
TAMAN SERI DAGANG 3,TANJONG DUABELAS,SELANGOR,LEASEHOLD,TERRACE HOUSE,386500.0,189.0,18
PERUMAHAN MAKMUR KUALA LANAR JAYA,KUALA LIPIS,PAHANG,LEASEHOLD,SEMI D,150000.0,48.0,18
PEARL IMPIANA,SIMPANG AMPAT,PENANG,FREEHOLD,SEMI D,637000.0,504.0,18
PEARL IMPIANA,SIMPANG AMPAT,PENANG,FREEHOLD,TERRACE HOUSE,637000.0,504.0,18
TAMAN JASA INTAN FASA II,BUKIT MERTAJAM,PENANG,FREEHOLD,TERRACE HOUSE,788800.0,434.0,18
"P/L 1280, KAMPUNG KOLAM",ROMPIN,PAHANG,FREEHOLD,TERRACE HOUSE,210000.0,129.0,18
BK 2 - PERUMAHAN KINRARA,BANDAR KINRARA,SELANGOR,FREEHOLD,TERRACE HOUSE,674000.0,463.0,18
TAMAN SUNGAI RAMBAI DAMAI,SUNGAI RAMBAI,MELAKA,LEASEHOLD,TERRACE HOUSE,304200.0,154.0,18
TROPICANA GOLF & COUNTRY RESORT,TROPICANA,SELANGOR,LEASEHOLD,BUNGALOW,2550000.0,580.0,18
TROPICANA GOLF & COUNTRY RESORT,TROPICANA,SELANGOR,LEASEHOLD,TERRACE HOUSE,1526237.5,580.0,18
TROPICANA GOLF & COUNTRY RESORT,TROPICANA,SELANGOR,LEASEHOLD,TOWN HOUSE,1385625.0,580.0,18
TAMAN MACHANG BUBOK,BUKIT MERTAJAM,PENANG,FREEHOLD,TERRACE HOUSE,480000.0,387.0,18
TAMAN SUBANG MEWAH,SUBANG JAYA,SELANGOR,LEASEHOLD,TERRACE HOUSE,665000.0,370.0,18
BUKIT ANGGERIK,CHERAS,KUALA LUMPUR,LEASEHOLD,TERRACE HOUSE,493000.0,308.0,18
TAMAN SIMPANG BERSATU,TAIPING,PERAK,FREEHOLD,TERRACE HOUSE,528800.0,317.0,18
TAMAN IPOH JAYA,IPOH,PERAK,LEASEHOLD,TERRACE HOUSE,234000.0,250.0,18
TAMAN BANDAR BARU LAHAT,LAHAT,PERAK,LEASEHOLD,TERRACE HOUSE,255100.0,239.0,18
BANDAR BARU SELAYANG,SELAYANG,SELANGOR,LEASEHOLD,TERRACE HOUSE,650000.0,396.0,18
BANDAR MANJALARA,BANDAR MENJALARA,KUALA LUMPUR,LEASEHOLD,TERRACE HOUSE,850000.0,599.0,18
MEDAN KLEBANG RESTU,CHEMOR,PERAK,FREEHOLD,TERRACE HOUSE,235000.0,172.0,18
TAMAN PERTAMA INDAH ~ JALAN BAKRI,BAKRI,JOHOR,FREEHOLD,TERRACE HOUSE,820000.0,373.0,18
PRIMA SP BAIDURI (SP 1),SUNGAI PETANI,KEDAH,FREEHOLD,TERRACE HOUSE,270000.0,179.0,18
DESA PINGGIRAN PUTRA,DENGKIL,SELANGOR,LEASEHOLD,BUNGALOW,402500.0,203.0,18
DESA PINGGIRAN PUTRA,DENGKIL,SELANGOR,LEASEHOLD,TERRACE HOUSE,402500.0,203.0,18
PUTRAJAYA PRESINT 14,PUTRAJAYA,PUTRAJAYA,FREEHOLD,BUNGALOW,1260000.0,569.0,18
PUTRAJAYA PRESINT 14,PUTRAJAYA,PUTRAJAYA,FREEHOLD,TERRACE HOUSE,1260000.0,569.0,18
TAMAN BEMBAN RAYA,BATU GAJAH,PERAK,LEASEHOLD,TERRACE HOUSE,238000.0,154.0,18
TAMAN DESA,TAMAN DESA,KUALA LUMPUR,FREEHOLD,TERRACE HOUSE,1425000.0,672.0,18
TAMAN KEMPAS,TAMPOI,JOHOR,FREEHOLD,TERRACE HOUSE,390000.0,311.0,18
PUTRAJAYA PRESINT 11,PUTRAJAYA,PUTRAJAYA,FREEHOLD,SEMI D,880000.0,465.0,18
PUTRAJAYA PRESINT 11,PUTRAJAYA,PUTRAJAYA,FREEHOLD,TERRACE HOUSE,880000.0,465.0,18
TAMAN GEMBIRA,KLANG,SELANGOR,FREEHOLD,TERRACE HOUSE,532500.0,323.0,18
TAMAN SALAK IDAMAN,SEPANG,SELANGOR,FREEHOLD,TERRACE HOUSE,396500.0,274.0,18
TAMAN DESA ILMU,KOTA SAMARAHAN,SARAWAK,LEASEHOLD,APARTMENT,170000.0,259.0,18
TAMAN DESA ILMU,KOTA SAMARAHAN,SARAWAK,LEASEHOLD,FLAT,170000.0,259.0,18
IMPIAN SENIBONG APARTMENT,PERMAS JAYA,JOHOR,LEASEHOLD,APARTMENT,375000.0,367.0,18
TAMAN BUKIT JAMBUL,BUKIT JAMBUL,PENANG,FREEHOLD,FLAT,263000.0,311.0,18
TROPEZ RESIDENCES,JOHOR BAHRU,JOHOR,FREEHOLD,SERVICE RESIDENCE,395000.0,508.0,18
CASA SUBANG,SUBANG JAYA,SELANGOR,FREEHOLD,SERVICE RESIDENCE,550000.0,516.0,18
THE PINES RESIDENCE,GELANG PATAH,JOHOR,LEASEHOLD,APARTMENT,330000.0,325.0,18
FLAT TAMAN ALAM MEGAH,SHAH ALAM,SELANGOR,FREEHOLD,FLAT,169000.0,280.0,18
FOREST GREEN,BANDAR SUNGAI LONG,SELANGOR,FREEHOLD,CONDOMINIUM,600000.0,599.0,18
JENTAYU,SKUDAI,JOHOR,FREEHOLD,FLAT,130000.0,195.0,18
BALAU,MASAI,JOHOR,FREEHOLD,FLAT,146000.0,228.0,18
PARK AVENUE,TAMPOI,JOHOR,LEASEHOLD,APARTMENT,183750.0,267.0,18
AMADESA RESORT CONDOMINIUM,DESA PETALING,KUALA LUMPUR,LEASEHOLD,CONDOMINIUM,350000.0,323.0,18
ANGSANA,SUBANG JAYA,SELANGOR,LEASEHOLD,FLAT,211000.0,321.0,18
PD MARINA WORLD RESORT,PORT DICKSON,NEGERI SEMBILAN,FREEHOLD,CONDOMINIUM,90500.0,138.0,18
10 MONT KIARA @ MK10,MONT KIARA,KUALA LUMPUR,FREEHOLD,CONDOMINIUM,1620000.0,897.0,18
PANGSAPURI BAIDURI,BERANANG,SELANGOR,FREEHOLD,FLAT,119000.0,170.0,18
SKY OASIS RESIDENCE (PANGSAPURI OASIS 1),JOHOR BAHRU,JOHOR,FREEHOLD,SERVICE RESIDENCE,400000.0,459.0,18
SKY LOFT PREMIUM SUITES,ISKANDAR PUTERI (NUSAJAYA),JOHOR,FREEHOLD,SERVICE RESIDENCE,550000.0,442.0,18
BUKIT CHERAS,CHERAS,KUALA LUMPUR,FREEHOLD,FLAT,160000.0,263.0,18
VERVE SUITES KL SOUTH,JALAN KLANG LAMA (OLD KLANG ROAD),KUALA LUMPUR,FREEHOLD,SERVICE RESIDENCE,778800.0,1097.0,18
SERI PUTERI HILLS,PUCHONG,SELANGOR,FREEHOLD,CONDOMINIUM,1109000.0,686.0,18
TAMAN KULIM TECHNOCITY FASA 1,KULIM,KEDAH,FREEHOLD,TERRACE HOUSE,320000.0,222.0,17
SUNWAY ALAM SURIA,SHAH ALAM,SELANGOR,LEASEHOLD,TERRACE HOUSE,700000.0,395.0,17
SS21 DAMANSARA UTAMA,PETALING JAYA,SELANGOR,FREEHOLD,TERRACE HOUSE,1140000.0,689.0,17
PJS 9,BANDAR SUNWAY,SELANGOR,LEASEHOLD,TERRACE HOUSE,940000.0,549.0,17
NUSARI AMAN 2,BANDAR SRI SENDAYAN,NEGERI SEMBILAN,FREEHOLD,SEMI D,500000.0,227.0,17
NUSARI AMAN 2,BANDAR SRI SENDAYAN,NEGERI SEMBILAN,FREEHOLD,TERRACE HOUSE,500000.0,227.0,17
ECO HORIZON (FASA1),BATU KAWAN,PENANG,FREEHOLD,TERRACE HOUSE,1000000.0,556.0,17
HIJAUAN SELAYANG,SELAYANG,SELANGOR,LEASEHOLD,TERRACE HOUSE,1498800.0,960.0,17
TAMAN TOPAZ @ SELANGORKU,DENGKIL,SELANGOR,FREEHOLD,TERRACE HOUSE,250000.0,192.0,17
TAMAN KUALA LIPIS,KUALA LIPIS,PAHANG,FREEHOLD,TERRACE HOUSE,275000.0,179.0,17
SENTRAL BEHRANG,ULU BERNAM,PERAK,LEASEHOLD,CLUSTER HOUSE,398888.0,285.0,17
SENTRAL BEHRANG,ULU BERNAM,PERAK,LEASEHOLD,TERRACE HOUSE,398888.0,285.0,17
TROPICANA HEIGHTS,KAJANG,SELANGOR,FREEHOLD,TERRACE HOUSE,833300.0,455.0,17
TROPICANA HEIGHTS,KAJANG,SELANGOR,FREEHOLD,TOWN HOUSE,833300.0,455.0,17
TAMAN JASMIN [SENAWANG],SENAWANG,NEGERI SEMBILAN,LEASEHOLD,TERRACE HOUSE,150000.0,153.0,17
TAMAN JASMIN [SENAWANG],SENAWANG,NEGERI SEMBILAN,LEASEHOLD,TOWN HOUSE,150000.0,153.0,17
TAMAN CERMAI,MUAR,JOHOR,FREEHOLD,TERRACE HOUSE,895000.0,630.0,17
TAMAN MANTAU INDAH,SEREMBAN 2,NEGERI SEMBILAN,FREEHOLD,TERRACE HOUSE,300000.0,200.0,17
SHAHZAN,KUANTAN,PAHANG,FREEHOLD,TERRACE HOUSE,310000.0,210.0,17
BANDAR BARU BUKIT MENTOK,KEMAMAN,TERENGGANU,LEASEHOLD,TERRACE HOUSE,213000.0,113.0,17
TAMAN DESA BIDARA,KUALA KETIL,KEDAH,FREEHOLD,TERRACE HOUSE,215000.0,144.0,17
SEKSYEN 8 BANDAR BARU BANGI,BANGI,SELANGOR,LEASEHOLD,TERRACE HOUSE,590000.0,384.0,17
DANGA SUTERA,SKUDAI,JOHOR,FREEHOLD,SEMI D,892000.0,531.0,17
DANGA SUTERA,SKUDAI,JOHOR,FREEHOLD,TERRACE HOUSE,892000.0,531.0,17
USJ 5,SUBANG JAYA,SELANGOR,FREEHOLD,BUNGALOW,1600000.0,569.0,17
USJ 5,SUBANG JAYA,SELANGOR,FREEHOLD,SEMI D,1600000.0,569.0,17
USJ 5,SUBANG JAYA,SELANGOR,FREEHOLD,TERRACE HOUSE,1526237.5,569.0,17
TAMAN PERMATA PENAWAR,PENGERANG,JOHOR,LEASEHOLD,TERRACE HOUSE,386200.0,272.0,17
TAMAN SRI UNAS 2,MUAR,JOHOR,FREEHOLD,BUNGALOW,394000.0,155.0,17
TAMAN SRI UNAS 2,MUAR,JOHOR,FREEHOLD,SEMI D,394000.0,155.0,17
TAMAN HALAMAN INDAH,SUNGAI JAWI,PENANG,FREEHOLD,TERRACE HOUSE,340000.0,248.0,17
TAMAN BUKIT MEWAH,TAMPOI,JOHOR,FREEHOLD,TERRACE HOUSE,540000.0,415.0,17
TAMAN SCIENTEX KULAI 2,KULAI,JOHOR,FREEHOLD,CLUSTER HOUSE,440000.0,281.0,17
TAMAN SCIENTEX KULAI 2,KULAI,JOHOR,FREEHOLD,TERRACE HOUSE,440000.0,281.0,17
TAMAN DESA CEMPAKA,NILAI,NEGERI SEMBILAN,FREEHOLD,TERRACE HOUSE,350000.0,200.0,17
TAMAN SRI BAYU,SEPANG,SELANGOR,FREEHOLD,SEMI D,267000.0,123.0,17
TAMAN SRI BAYU,SEPANG,SELANGOR,FREEHOLD,TERRACE HOUSE,267000.0,123.0,17
P/L 3214 JALAN KEBUN,KLANG,SELANGOR,FREEHOLD,SEMI D,599800.0,248.0,17
TAMAN SUTERA,KULAI,JOHOR,FREEHOLD,TERRACE HOUSE,360000.0,268.0,17
ARA DAMANSARA,ARA DAMANSARA,SELANGOR,FREEHOLD,BUNGALOW,1300000.0,729.0,17
ARA DAMANSARA,ARA DAMANSARA,SELANGOR,FREEHOLD,TERRACE HOUSE,1300000.0,729.0,17
TAMAN SERAI WANGI,PADANG SERAI,KEDAH,FREEHOLD,TERRACE HOUSE,270000.0,209.0,17
TAMAN LEMBAH MERBOK,MERBOK,KEDAH,FREEHOLD,TERRACE HOUSE,210000.0,150.0,17
TAMAN SRI WANG,SUNGAI PETANI,KEDAH,FREEHOLD,TERRACE HOUSE,200000.0,177.0,17
OFF JALAN MERU,KLANG,SELANGOR,FREEHOLD,TERRACE HOUSE,500000.0,274.0,17
USJ 9,SUBANG JAYA,SELANGOR,FREEHOLD,TERRACE HOUSE,850000.0,484.0,17
TAMAN PUCHONG INDAH,PUCHONG,SELANGOR,LEASEHOLD,TERRACE HOUSE,400000.0,334.0,17
TAMAN BERTAM SETIA,TANJONG MINYAK,MELAKA,FREEHOLD,SEMI D,344000.0,203.0,17
TAMAN BERTAM SETIA,TANJONG MINYAK,MELAKA,FREEHOLD,TERRACE HOUSE,344000.0,203.0,17
TAMAN KASTURI,SITIAWAN,PERAK,FREEHOLD,TERRACE HOUSE,623800.0,357.0,17
TAMAN MEWAH JAYA,KLANG,SELANGOR,FREEHOLD,TERRACE HOUSE,450000.0,320.0,17
TAMAN VISTA KIRANA,BUKIT KATIL,MELAKA,LEASEHOLD,BUNGALOW,707000.0,136.0,17
TAMAN VISTA KIRANA,BUKIT KATIL,MELAKA,LEASEHOLD,SEMI D,707000.0,136.0,17
TAMAN AIR KEROH FASA 1-3,BUKIT KATIL,MELAKA,LEASEHOLD,TERRACE HOUSE,220000.0,159.0,17
TABUAN HEIGHTS,KUCHING,SARAWAK,FREEHOLD,TERRACE HOUSE,700000.0,302.0,17
TAMAN MANTIN PUTRA,MANTIN,NEGERI SEMBILAN,FREEHOLD,SEMI D,550000.0,160.0,17
TAMAN MANTIN PUTRA,MANTIN,NEGERI SEMBILAN,FREEHOLD,TERRACE HOUSE,550000.0,160.0,17
TWIN PALM,CHERAS,SELANGOR,FREEHOLD,BUNGALOW,2700000.0,506.0,17
TAMAN HILIR,MELAKA CITY,MELAKA,FREEHOLD,TERRACE HOUSE,430000.0,279.0,17
REJANG PARK,SIBU,SARAWAK,LEASEHOLD,TERRACE HOUSE,380000.0,197.0,17
TAMAN KAJANG UTAMA,KAJANG,SELANGOR,FREEHOLD,TERRACE HOUSE,410000.0,293.0,17
TAMAN KAJANG UTAMA,KAJANG,SELANGOR,FREEHOLD,TOWN HOUSE,410000.0,293.0,17
TAMAN LEMBAH PERMAI,SUNGAI LALANG,KEDAH,FREEHOLD,TERRACE HOUSE,230000.0,147.0,17
TAMAN AUSTIN PERDANA,TEBRAU,JOHOR,FREEHOLD,SEMI D,670000.0,434.0,17
TAMAN AUSTIN PERDANA,TEBRAU,JOHOR,FREEHOLD,TERRACE HOUSE,670000.0,434.0,17
PERAI JAYA,PERAI,PENANG,LEASEHOLD,FLAT,43000.0,73.0,17
CASA TROPICANA,TROPICANA,SELANGOR,LEASEHOLD,CONDOMINIUM,540000.0,464.0,17
THE PEARL (PEARL POINT),JALAN KLANG LAMA (OLD KLANG ROAD),KUALA LUMPUR,FREEHOLD,CONDOMINIUM,400000.0,368.0,17
GAT LEBUH MACALLUM,GEORGETOWN,PENANG,LEASEHOLD,FLAT,175000.0,342.0,17
SRI PUTRAMAS III / ROYAL REGENT,JALAN KUCHING,KUALA LUMPUR,FREEHOLD,CONDOMINIUM,710000.0,455.0,17
PANGSAPURI PERMAI,SUNGAI BESI,KUALA LUMPUR,LEASEHOLD,APARTMENT,210000.0,325.0,17
RESIDENSI WARNASARI 3,BANDAR PUNCAK ALAM,SELANGOR,LEASEHOLD,APARTMENT,185000.0,257.0,17
THE WATEREDGE (PINGGIRAN AIR),PERMAS JAYA,JOHOR,FREEHOLD,CONDOMINIUM,640000.0,555.0,17
MAISSON,ARA DAMANSARA,SELANGOR,FREEHOLD,SERVICE RESIDENCE,535000.0,619.0,17
QUAYSIDE CONDOMINIUM,TANJONG TOKONG,PENANG,FREEHOLD,CONDOMINIUM,1510000.0,967.0,17
DANAU IDAMAN,TAMAN DESA,KUALA LUMPUR,LEASEHOLD,CONDOMINIUM,395000.0,422.0,17
PANGSAPURI WIRA,CHERAS,SELANGOR,FREEHOLD,APARTMENT,256000.0,313.0,17
MEWAH VIEW LUXURIOUS APARTMENTS,TAMPOI,JOHOR,FREEHOLD,APARTMENT,400000.0,292.0,17
SUNNY VILLE CONDOMINIUM,GELUGOR,PENANG,FREEHOLD,CONDOMINIUM,390000.0,420.0,17
TAMAN DESA RELAU 2,RELAU,PENANG,FREEHOLD,APARTMENT,290000.0,385.0,17
SERI MENGKUANG,GELANG PATAH,JOHOR,LEASEHOLD,APARTMENT,180000.0,226.0,17
ENDAH VILLA,SRI PETALING,KUALA LUMPUR,LEASEHOLD,CONDOMINIUM,360000.0,319.0,17
PANGSAPURI NUSA INDAH,BUKIT MERTAJAM,PENANG,FREEHOLD,APARTMENT,130000.0,173.0,17
IMPIANA,ISKANDAR PUTERI (NUSAJAYA),JOHOR,FREEHOLD,APARTMENT,460000.0,415.0,17
D'CASSIA,SEMENYIH,SELANGOR,FREEHOLD,APARTMENT,260000.0,306.0,17
ANGKASA APARTMENT,KOTA KINABALU,SABAH,LEASEHOLD,APARTMENT,300000.0,353.0,17
DESA PALMA,NILAI,NEGERI SEMBILAN,FREEHOLD,APARTMENT,180000.0,228.0,17
TAMAN SOGA,BATU PAHAT,JOHOR,FREEHOLD,FLAT,85000.0,138.0,17
MENARA U,SHAH ALAM,SELANGOR,LEASEHOLD,SERVICE RESIDENCE,335000.0,586.0,17
DESA GREEN,TAMAN DESA,KUALA LUMPUR,FREEHOLD,SERVICE RESIDENCE,480000.0,624.0,17
MENARA MENJALARA,BANDAR MENJALARA,KUALA LUMPUR,FREEHOLD,CONDOMINIUM,430000.0,400.0,17
KENARI,SKUDAI,JOHOR,FREEHOLD,FLAT,130000.0,198.0,17
FLAT BUKIT INDAH,ISKANDAR PUTERI (NUSAJAYA),JOHOR,FREEHOLD,FLAT,200000.0,266.0,17
IDAMAN SENIBONG,PERMAS JAYA,JOHOR,LEASEHOLD,APARTMENT,290000.0,344.0,17
TAMAN ANIKA,MELAKA CITY,MELAKA,LEASEHOLD,FLAT,78000.0,138.0,17
VERVE SUITES,MONT KIARA,KUALA LUMPUR,FREEHOLD,SERVICE RESIDENCE,719000.0,885.0,17
PERMAS VILLE APARTMENT,PERMAS JAYA,JOHOR,FREEHOLD,APARTMENT,400000.0,345.0,17
PERDANA EXCLUSIVE,DAMANSARA PERDANA,SELANGOR,LEASEHOLD,CONDOMINIUM,340000.0,380.0,17
LEADER GARDEN,TANJUNG BUNGAH,PENANG,FREEHOLD,CONDOMINIUM,440000.0,396.0,17
SAUJANA APARTMENT,DAMANSARA DAMAI,SELANGOR,LEASEHOLD,APARTMENT,220000.0,275.0,17
THE SKY EXECUTIVE SUITES,ISKANDAR PUTERI (NUSAJAYA),JOHOR,FREEHOLD,SERVICE RESIDENCE,460000.0,433.0,17
APARTMENT SERI TULIP,SERENDAH,SELANGOR,FREEHOLD,APARTMENT,160000.0,198.0,17
TAMAN PERMAIPURA,BEDONG,KEDAH,FREEHOLD,TERRACE HOUSE,362000.0,246.0,16
TAMAN BUKIT INDAH,ULU KLANG,SELANGOR,LEASEHOLD,BUNGALOW,717500.0,548.0,16
TAMAN BUKIT INDAH,ULU KLANG,SELANGOR,LEASEHOLD,TERRACE HOUSE,717500.0,548.0,16
TAMAN TUNKU MAHERAN,JITRA,KEDAH,FREEHOLD,TERRACE HOUSE,255000.0,168.0,16
SS14,SUBANG JAYA,SELANGOR,FREEHOLD,SEMI D,869000.0,390.0,16
SS14,SUBANG JAYA,SELANGOR,FREEHOLD,TERRACE HOUSE,869000.0,390.0,16
M RESIDENCE,RAWANG,SELANGOR,FREEHOLD,TERRACE HOUSE,623400.0,360.0,16
TAMAN PENGKALAN MINYAK DAMAI,AYER MOLEK,MELAKA,FREEHOLD,CLUSTER HOUSE,337834.0,129.0,16
TAMAN PENGKALAN MINYAK DAMAI,AYER MOLEK,MELAKA,FREEHOLD,TERRACE HOUSE,337834.0,129.0,16
HIJAYU 1,BANDAR SRI SENDAYAN,NEGERI SEMBILAN,FREEHOLD,TERRACE HOUSE,500000.0,283.0,16
"PRIMA PAHANG KAMPUNG BATU 6, LEPAR",KUANTAN,PAHANG,LEASEHOLD,BUNGALOW,152660.0,51.0,16
"PRIMA PAHANG KAMPUNG BATU 6, LEPAR",KUANTAN,PAHANG,LEASEHOLD,SEMI D,152660.0,51.0,16
"ALAM SURIA, PUNCAK ALAM",BANDAR PUNCAK ALAM,SELANGOR,LEASEHOLD,CLUSTER HOUSE,522500.0,288.0,16
"ALAM SURIA, PUNCAK ALAM",BANDAR PUNCAK ALAM,SELANGOR,LEASEHOLD,TERRACE HOUSE,522500.0,288.0,16
SEREMBAN FOREST HEIGHTS,AMPANGAN,NEGERI SEMBILAN,FREEHOLD,TERRACE HOUSE,637500.0,412.0,16
TAMAN COLONIAL,RAUB,PAHANG,FREEHOLD,TERRACE HOUSE,470000.0,285.0,16
TAMAN PUCHONG LAGENDA,PUCHONG,SELANGOR,LEASEHOLD,TERRACE HOUSE,1365000.0,947.0,16
YARRA PARK (EASTFIELD),SUNGAI PETANI,KEDAH,FREEHOLD,TERRACE HOUSE,405900.0,207.0,16
P/L : 10139,KUANTAN,PAHANG,FREEHOLD,TERRACE HOUSE,350000.0,183.0,16
TAMAN DESA SKUDAI,SKUDAI,JOHOR,FREEHOLD,TERRACE HOUSE,455000.0,222.0,16
TAMAN RIANG (SPU),BUTTERWORTH,PENANG,FREEHOLD,TERRACE HOUSE,1044400.0,638.0,16
TAMAN SENTOSA PERDANA,KLANG,SELANGOR,FREEHOLD,TERRACE HOUSE,539000.0,409.0,16
TAMAN DESA DAMAI,BENTONG,PAHANG,FREEHOLD,TERRACE HOUSE,240000.0,192.0,16
BANDAR LAHAT MINES,LAHAT,PERAK,LEASEHOLD,CLUSTER HOUSE,499440.0,232.0,16
TAMAN CEMPAKA (TELUI KIRI),TELOI KIRI,KEDAH,FREEHOLD,TERRACE HOUSE,180000.0,118.0,16
TAMAN SRI GEDONG,SUNGAI PETANI,KEDAH,FREEHOLD,TERRACE HOUSE,232500.0,159.0,16
TAMAN PUCHONG PRIMA,PUCHONG,SELANGOR,FREEHOLD,TERRACE HOUSE,562500.0,451.0,16
CAHAYA ALAM,SHAH ALAM,SELANGOR,LEASEHOLD,TERRACE HOUSE,1209750.0,533.0,16
SAUJANA PERDANA,IJOK,SELANGOR,LEASEHOLD,TERRACE HOUSE,500000.0,410.0,16
TAMAN BAGAN,BUTTERWORTH,PENANG,FREEHOLD,TERRACE HOUSE,655000.0,389.0,16
TAMAN SRI BUNUT,TANJONG DUABELAS,SELANGOR,FREEHOLD,TERRACE HOUSE,669000.0,328.0,16
"SEKSYEN 32, SHAH ALAM",SHAH ALAM,SELANGOR,FREEHOLD,SEMI D,487500.0,316.0,16
"SEKSYEN 32, SHAH ALAM",SHAH ALAM,SELANGOR,FREEHOLD,TERRACE HOUSE,487500.0,316.0,16
LAKE FIELD - MEADOWS & GLADES,SUNGAI BESI,KUALA LUMPUR,LEASEHOLD,TERRACE HOUSE,1325000.0,751.0,16
"TAMAN TROPIKA, JEMENTAH",JEMENTAH,JOHOR,FREEHOLD,TERRACE HOUSE,385000.0,241.0,16
TAMAN SRI PALOH,PALOH,JOHOR,FREEHOLD,SEMI D,308000.0,200.0,16
TAMAN SRI PALOH,PALOH,JOHOR,FREEHOLD,TERRACE HOUSE,308000.0,200.0,16
TAMAN APAS PERMAI,TAWAU,SABAH,LEASEHOLD,TERRACE HOUSE,195000.0,117.0,16
TAMAN JAWI JAYA,SUNGAI JAWI,PENANG,FREEHOLD,SEMI D,459000.0,195.0,16
BANDAR BARU BARAT,KAMPAR,PERAK,LEASEHOLD,TERRACE HOUSE,300000.0,270.0,16
BANDAR BARU SEGARI,LUMUT,PERAK,LEASEHOLD,CLUSTER HOUSE,328000.0,156.0,16
LUYANG PERDANA,KOTA KINABALU,SABAH,LEASEHOLD,SEMI D,1040000.0,537.0,16
LUYANG PERDANA,KOTA KINABALU,SABAH,LEASEHOLD,TERRACE HOUSE,1040000.0,537.0,16
LUYANG PERDANA,KOTA KINABALU,SABAH,LEASEHOLD,TOWN HOUSE,1040000.0,537.0,16
TAMAN INDAH PERMAI,KOTA KINABALU,SABAH,LEASEHOLD,TERRACE HOUSE,520000.0,335.0,16
TAMAN BATU PAHAT,BATU PAHAT,JOHOR,FREEHOLD,SEMI D,300000.0,167.0,16
TAMAN BATU PAHAT,BATU PAHAT,JOHOR,FREEHOLD,TERRACE HOUSE,300000.0,167.0,16
TAMAN SELASEH,BATU CAVES,SELANGOR,LEASEHOLD,TERRACE HOUSE,550000.0,340.0,16
TAMAN JAYA UTAMA,TELOK PANGLIMA GARANG,SELANGOR,FREEHOLD,TERRACE HOUSE,385000.0,302.0,16
TAMAN KULIM UTAMA,KULIM,KEDAH,FREEHOLD,SEMI D,490000.0,232.0,16
TAMAN KULIM UTAMA,KULIM,KEDAH,FREEHOLD,TERRACE HOUSE,490000.0,232.0,16
TAMAN NUSA PERINTIS II,ISKANDAR PUTERI (NUSAJAYA),JOHOR,FREEHOLD,TERRACE HOUSE,498500.0,409.0,16
TAMAN CAHAYA SURIA,ALOR SETAR,KEDAH,FREEHOLD,SEMI D,311111.0,206.0,16
TAMAN CAHAYA SURIA,ALOR SETAR,KEDAH,FREEHOLD,TERRACE HOUSE,311111.0,206.0,16
TAMAN MUZAFFAR SHAH,BUKIT KATIL,MELAKA,LEASEHOLD,SEMI D,280000.0,172.0,16
TAMAN MUZAFFAR SHAH,BUKIT KATIL,MELAKA,LEASEHOLD,TERRACE HOUSE,280000.0,172.0,16
TAMAN MUTIARA MAS,SKUDAI,JOHOR,LEASEHOLD,CLUSTER HOUSE,959000.0,420.0,16
TAMAN AUSTIN HEIGHTS,TEBRAU,JOHOR,FREEHOLD,CLUSTER HOUSE,1200000.0,442.0,16
TAMAN GADONG BAHAGIA,BALAI PANJANG,MELAKA,FREEHOLD,TERRACE HOUSE,312000.0,203.0,16
TAMAN FLORA,KUALA KEDAH,KEDAH,FREEHOLD,SEMI D,421925.0,189.0,16
TAMAN FLORA,KUALA KEDAH,KEDAH,FREEHOLD,TERRACE HOUSE,421925.0,189.0,16
TAMAN SETIAWANGSA,SETIAWANGSA,KUALA LUMPUR,FREEHOLD,TERRACE HOUSE,1140000.0,593.0,16
TROPICANA INDAH RESORT HOMES,KOTA DAMANSARA,SELANGOR,LEASEHOLD,BUNGALOW,2400000.0,630.0,16
TROPICANA INDAH RESORT HOMES,KOTA DAMANSARA,SELANGOR,LEASEHOLD,TERRACE HOUSE,1526237.5,630.0,16
TAMAN GUAR PERAHU (TAMAN BERKAT),KUBANG SEMANG,PENANG,FREEHOLD,TERRACE HOUSE,292500.0,241.0,16
TAMAN PELANGI SEMENYIH 2,BERANANG,SELANGOR,FREEHOLD,TERRACE HOUSE,505000.0,338.0,16
HIJAYU 3,BANDAR SRI SENDAYAN,NEGERI SEMBILAN,FREEHOLD,TERRACE HOUSE,505000.0,277.0,16
FLAT DAISY,MASAI,JOHOR,LEASEHOLD,FLAT,138000.0,193.0,16
SYMPHONY HEIGHTS (SIMFONI HEIGHTS),BATU CAVES,SELANGOR,LEASEHOLD,CONDOMINIUM,380000.0,380.0,16
SINAR BUKIT DUMBAR,JELUTONG,PENANG,FREEHOLD,APARTMENT,305000.0,436.0,16
TANJONG PUTERI APARTMENT,PASIR GUDANG,JOHOR,FREEHOLD,APARTMENT,170000.0,177.0,16
NILAI 3,NILAI,NEGERI SEMBILAN,FREEHOLD,APARTMENT,100000.0,135.0,16
SENTROVUE,SHAH ALAM,SELANGOR,LEASEHOLD,SERVICE RESIDENCE,300000.0,356.0,16
SRI ANGKASA APARTMENT,KLANG,SELANGOR,FREEHOLD,FLAT,143000.0,221.0,16
GAMBIER HEIGHTS,GELUGOR,PENANG,FREEHOLD,APARTMENT,345000.0,486.0,16
PLATINUM LAKE PV 16,SETAPAK,KUALA LUMPUR,LEASEHOLD,CONDOMINIUM,520000.0,364.0,16
SEJATI UJANA,SANDAKAN,SABAH,LEASEHOLD,APARTMENT,200000.0,292.0,16
PRIMA BAYU APARTMENT,KLANG,SELANGOR,FREEHOLD,APARTMENT,370000.0,321.0,16
TASIK HEIGHTS APARTMENT,BANDAR TASIK SELATAN,KUALA LUMPUR,LEASEHOLD,APARTMENT,290000.0,332.0,16
PANGSAPURI SUBANG SURIA,SUNGAI BULOH,SELANGOR,LEASEHOLD,APARTMENT,270000.0,342.0,16
SD TIARA APARTMENT,BANDAR SRI DAMANSARA,SELANGOR,FREEHOLD,APARTMENT,322500.0,384.0,16
DESA PINANG 2,JELUTONG,PENANG,LEASEHOLD,FLAT,257500.0,423.0,16
CYBERSQUARE,CYBERJAYA,SELANGOR,FREEHOLD,SERVICE RESIDENCE,250000.0,476.0,16
IDAMAN SEROJA,SUNGAI ARA,PENANG,FREEHOLD,APARTMENT,249000.0,383.0,16
VIM 3 @ DESA PARK NORTH,KEPONG,KUALA LUMPUR,LEASEHOLD,SERVICE RESIDENCE,412500.0,774.0,16
DESA BAYAN APARTMENT,BAYAN LEPAS,PENANG,FREEHOLD,APARTMENT,345000.0,486.0,16
RUMAH PANGSA AKASIA,ULU TIRAM,JOHOR,FREEHOLD,FLAT,135000.0,232.0,16
PEARL AVENUE,KAJANG,SELANGOR,FREEHOLD,CONDOMINIUM,330000.0,301.0,16
TAMAN TUN TEJA,RAWANG,SELANGOR,LEASEHOLD,FLAT,215000.0,264.0,16
DESA INTAN,AYER ITAM,PENANG,FREEHOLD,FLAT,195000.0,307.0,16
VISTA ANGKASA,PANTAI,KUALA LUMPUR,LEASEHOLD,APARTMENT,330000.0,406.0,16
DESA GREEN,JELUTONG,PENANG,FREEHOLD,APARTMENT,307500.0,439.0,16
REGENCY HEIGHTS CONDO,SUNGAI ARA,PENANG,FREEHOLD,CONDOMINIUM,502500.0,396.0,16
GOLDEN HILLS RESORT (AMBER COURT APARTMENT),GENTING HIGHLANDS,PAHANG,FREEHOLD,APARTMENT,211500.0,232.0,16
TAMAN SURIA,PENAMPANG,SABAH,LEASEHOLD,FLAT,250000.0,326.0,16
SKYRIDGE GARDEN,TANJONG TOKONG,PENANG,FREEHOLD,CONDOMINIUM,835000.0,633.0,16
SERI KASTURI APARTMENTS,SETIA ALAM,SELANGOR,FREEHOLD,APARTMENT,390000.0,407.0,16
BANDAR BARU UDA,JOHOR BAHRU,JOHOR,LEASEHOLD,FLAT,161500.0,289.0,16
AUSTIN SUITES (PERMATA AUSTIN),TEBRAU,JOHOR,FREEHOLD,APARTMENT,330000.0,462.0,16
PUTRA MAJESTIK,JALAN IPOH,KUALA LUMPUR,FREEHOLD,SERVICE RESIDENCE,500000.0,494.0,16
SERI BAIDURI,SETIA ALAM,SELANGOR,FREEHOLD,APARTMENT,357500.0,386.0,16
OCEAN VIEW RESORT,PORT DICKSON,NEGERI SEMBILAN,FREEHOLD,CONDOMINIUM,84000.0,111.0,16
OCEAN VIEW RESORT,PORT DICKSON,NEGERI SEMBILAN,FREEHOLD,SERVICE RESIDENCE,84000.0,111.0,16
THE TAMARIND,TANJONG TOKONG,PENANG,FREEHOLD,SERVICE RESIDENCE,855000.0,767.0,16
DELIMA INTAN APARTMENT,BUKIT MINYAK,PENANG,FREEHOLD,APARTMENT,280000.0,356.0,16
TAMAN JATI,KULIM,KEDAH,FREEHOLD,FLAT,120000.0,206.0,16
TAMAN KAJANG PERDANA,KAJANG,SELANGOR,LEASEHOLD,FLAT,42000.0,64.0,16
ENDAH RIA,SRI PETALING,KUALA LUMPUR,LEASEHOLD,CONDOMINIUM,307500.0,320.0,16
PUTATAN PLATINUM APARTMENT,PENAMPANG,SABAH,FREEHOLD,APARTMENT,294000.0,346.0,16
ARAGREENS,ARA DAMANSARA,SELANGOR,FREEHOLD,SERVICE RESIDENCE,1341465.0,874.0,16
VISTA MUTIARA,KEPONG,KUALA LUMPUR,LEASEHOLD,APARTMENT,379000.0,364.0,16
TAMAN PINGGIRAN PUTRA SEKSYEN 2,SERI KEMBANGAN,SELANGOR,LEASEHOLD,BUNGALOW,590000.0,291.0,15
TAMAN PINGGIRAN PUTRA SEKSYEN 2,SERI KEMBANGAN,SELANGOR,LEASEHOLD,TERRACE HOUSE,590000.0,291.0,15
TAMAN AMANAH,TANJONG DUABELAS,SELANGOR,FREEHOLD,TERRACE HOUSE,425000.0,278.0,15
TAMAN DESA INDAH,NILAI,NEGERI SEMBILAN,FREEHOLD,TERRACE HOUSE,393000.0,239.0,15
TAMAN TUNKU SARINA,JITRA,KEDAH,FREEHOLD,TERRACE HOUSE,325000.0,182.0,15
SS17,SUBANG JAYA,SELANGOR,FREEHOLD,TERRACE HOUSE,880000.0,471.0,15
NUSARI AMAN 1,BANDAR SRI SENDAYAN,NEGERI SEMBILAN,FREEHOLD,TERRACE HOUSE,345000.0,247.0,15
HILL PARK HOME,KAJANG,SELANGOR,FREEHOLD,SEMI D,600000.0,407.0,15
HILL PARK HOME,KAJANG,SELANGOR,FREEHOLD,TERRACE HOUSE,600000.0,407.0,15
"P/L 2366, 2367, 3694, 3752 & 4169",KUANTAN,PAHANG,FREEHOLD,TERRACE HOUSE,468880.0,305.0,15
"TAMAN SRI MEWAH, MERU",KAPAR,SELANGOR,FREEHOLD,TERRACE HOUSE,610000.0,441.0,15
KOTA SERIBONG,PADANG ENGGANG,KELANTAN,LEASEHOLD,TERRACE HOUSE,470000.0,361.0,15
TAMAN TASEK GELUGOR UTAMA (SCIENTEX),TASEK GELUGOR,PENANG,FREEHOLD,TERRACE HOUSE,310000.0,294.0,15
REGENT PARK,MIRI,SARAWAK,LEASEHOLD,TERRACE HOUSE,338888.0,233.0,15
TAMAN SERI WAWASAN 3,TERAS,PAHANG,FREEHOLD,TERRACE HOUSE,538000.0,299.0,15
TAMAN PLATINUM (RESIDENSI GATE),DENGKIL,SELANGOR,FREEHOLD,TERRACE HOUSE,737800.0,460.0,15
SALAK SOUTH GARDEN (TAMAN SALAK SELATAN),SALAK SELATAN,KUALA LUMPUR,FREEHOLD,TERRACE HOUSE,550000.0,349.0,15
TAMAN KARISMA IMPIAN,SITIAWAN,PERAK,FREEHOLD,TERRACE HOUSE,298800.0,193.0,15
PINGGIRAN PUTRA 4 (PL 3178),KUANTAN,PAHANG,FREEHOLD,TERRACE HOUSE,335000.0,157.0,15
TAMAN INTAN DUYUNG,PORT DICKSON,NEGERI SEMBILAN,LEASEHOLD,TERRACE HOUSE,220000.0,150.0,15
TAMAN EHSAN JAYA,JOHOR BAHRU,JOHOR,LEASEHOLD,TERRACE HOUSE,778000.0,455.0,15
TAMAN SENAWANG PERDANA,RANTAU,NEGERI SEMBILAN,FREEHOLD,BUNGALOW,715000.0,172.0,15
TAMAN SRI PERDANA,LAHAD DATU,SABAH,LEASEHOLD,SEMI D,550000.0,191.0,15
TAMAN SRI PERDANA,LAHAD DATU,SABAH,LEASEHOLD,TERRACE HOUSE,550000.0,191.0,15
TAMAN BUKIT FLORA,BATU PAHAT,JOHOR,FREEHOLD,TERRACE HOUSE,245000.0,236.0,15
TAMAN KOTA LAKSAMANA SEKSYEN 1,MELAKA CITY,MELAKA,LEASEHOLD,TERRACE HOUSE,470000.0,279.0,15
TAMAN KOTA LAKSAMANA SEKSYEN 1,MELAKA CITY,MELAKA,LEASEHOLD,TOWN HOUSE,470000.0,279.0,15
SETIA PULAU MUTIARA,BAYAN LEPAS,PENANG,FREEHOLD,TERRACE HOUSE,1331000.0,686.0,15
TAMAN DESA DAMAI,BUKIT MERTAJAM,PENANG,FREEHOLD,SEMI D,499800.0,281.0,15
TAMAN DESA DAMAI,BUKIT MERTAJAM,PENANG,FREEHOLD,TERRACE HOUSE,499800.0,281.0,15
TAMAN MAYANG LESTARI,JASIN,MELAKA,LEASEHOLD,CLUSTER HOUSE,285000.0,164.0,15
TAMAN MAYANG LESTARI,JASIN,MELAKA,LEASEHOLD,TERRACE HOUSE,285000.0,164.0,15
TAMAN SRI JAYA 1 & 2,KLUANG,JOHOR,FREEHOLD,TERRACE HOUSE,250000.0,169.0,15
BANDAR BARU KANGKAR PULAI,SKUDAI,JOHOR,LEASEHOLD,CLUSTER HOUSE,498000.0,239.0,15
BANDAR BARU KANGKAR PULAI,SKUDAI,JOHOR,LEASEHOLD,TERRACE HOUSE,498000.0,239.0,15
TAMAN BERSATU,SIMPANG PULAI,PERAK,LEASEHOLD,TERRACE HOUSE,199000.0,204.0,15
TAMAN BUNGA RAYA,SETAPAK,KUALA LUMPUR,FREEHOLD,TERRACE HOUSE,520000.0,363.0,15
PULAU SERAI / G BINJAI / DARAT PELANDANG,DUNGUN,TERENGGANU,FREEHOLD,BUNGALOW,340000.0,111.0,15
PULAU SERAI / G BINJAI / DARAT PELANDANG,DUNGUN,TERENGGANU,FREEHOLD,SEMI D,340000.0,111.0,15
TAMAN DELIMA,SUNGAI PETANI,KEDAH,FREEHOLD,SEMI D,260000.0,115.0,15
TAMAN DELIMA,SUNGAI PETANI,KEDAH,FREEHOLD,TERRACE HOUSE,260000.0,115.0,15
TAMAN MALURI,CHERAS,KUALA LUMPUR,LEASEHOLD,TERRACE HOUSE,780000.0,303.0,15
TAMAN TASIK SEMENYIH,SEMENYIH,SELANGOR,LEASEHOLD,TERRACE HOUSE,465000.0,150.0,15
SEKSYEN 5 - KOTA DAMANSARA,KOTA DAMANSARA,SELANGOR,LEASEHOLD,TERRACE HOUSE,930000.0,528.0,15
NUSA DUTA,SKUDAI,JOHOR,FREEHOLD,CLUSTER HOUSE,1350000.0,397.0,15
NUSA DUTA,SKUDAI,JOHOR,FREEHOLD,SEMI D,1350000.0,397.0,15
TAMAN TERENDAK PERMAI,SUNGAI UDANG,MELAKA,FREEHOLD,TERRACE HOUSE,270000.0,175.0,15
TAMAN KANTAN PERMAI,KAJANG,SELANGOR,LEASEHOLD,TERRACE HOUSE,370000.0,361.0,15
TAMAN SAGA INDAH,MENTAKAB,PAHANG,LEASEHOLD,TERRACE HOUSE,219000.0,157.0,15
BANDAR DATARAN SEGAR,LUKUT,NEGERI SEMBILAN,FREEHOLD,TERRACE HOUSE,459000.0,313.0,15
TAMAN NUSA JAYA MAS,ISKANDAR PUTERI (NUSAJAYA),JOHOR,FREEHOLD,TERRACE HOUSE,520000.0,325.0,15
TAMAN AMAN,KULAI,JOHOR,FREEHOLD,TERRACE HOUSE,280000.0,253.0,15
M RESIDENCE 2,RAWANG,SELANGOR,LEASEHOLD,TERRACE HOUSE,585000.0,346.0,15
TAMAN SURIA (SUN LAND RESIDENCE),IPOH,PERAK,LEASEHOLD,TERRACE HOUSE,548000.0,329.0,15
TAMAN KLEDANG MAS,IPOH,PERAK,LEASEHOLD,TERRACE HOUSE,320000.0,230.0,15
TAMAN BUKIT RAHMAN PUTRA,RAWANG,SELANGOR,FREEHOLD,TERRACE HOUSE,680000.0,404.0,15
TAMAN MERBAU INDAH,TRIANG,PAHANG,FREEHOLD,TERRACE HOUSE,200000.0,154.0,15
AUSTRA HEIGHT,BINTULU,SARAWAK,LEASEHOLD,TERRACE HOUSE,380000.0,340.0,15
TAMAN SENIMAS,KUALA PILAH,NEGERI SEMBILAN,FREEHOLD,BUNGALOW,199000.0,127.0,15
TAMAN SENIMAS,KUALA PILAH,NEGERI SEMBILAN,FREEHOLD,TERRACE HOUSE,199000.0,127.0,15
TAMAN PEKATRA INDAH,SIMPANG AMPAT,PENANG,LEASEHOLD,TERRACE HOUSE,280000.0,201.0,15
TAMAN MEGAH,BATU PAHAT,JOHOR,FREEHOLD,TERRACE HOUSE,330000.0,195.0,15
ISLAND PARK,JELUTONG,PENANG,FREEHOLD,SEMI D,1800000.0,590.0,15
ISLAND PARK,JELUTONG,PENANG,FREEHOLD,TERRACE HOUSE,1526237.5,590.0,15
TAMAN PERTAM JAYA,MELAKA CITY,MELAKA,LEASEHOLD,TERRACE HOUSE,580000.0,402.0,15
TAMAN BAYU PERDANA,KLANG,SELANGOR,FREEHOLD,TERRACE HOUSE,560000.0,368.0,15
TAMAN BAYU MUTIARA,BUKIT MERTAJAM,PENANG,FREEHOLD,SEMI D,650000.0,426.0,15
TAMAN BAYU MUTIARA,BUKIT MERTAJAM,PENANG,FREEHOLD,TERRACE HOUSE,650000.0,426.0,15
TAMAN FAJAR,SANDAKAN,SABAH,LEASEHOLD,TERRACE HOUSE,320000.0,222.0,15
SETIA INDAH 12,SETIA ALAM,SELANGOR,FREEHOLD,TERRACE HOUSE,802000.0,561.0,15
INDERA SEMPURNA,KUANTAN,PAHANG,LEASEHOLD,SEMI D,220000.0,158.0,15
INDERA SEMPURNA,KUANTAN,PAHANG,LEASEHOLD,TERRACE HOUSE,220000.0,158.0,15
SRI TANJUNG,PUCHONG,SELANGOR,FREEHOLD,APARTMENT,430000.0,425.0,15
WESTSIDE THREE,DESA PARKCITY,KUALA LUMPUR,FREEHOLD,CONDOMINIUM,1550000.0,1007.0,15
METROPOLITAN SQUARE,DAMANSARA PERDANA,SELANGOR,LEASEHOLD,SERVICE RESIDENCE,460000.0,445.0,15
KENANGA APARTMENT,SERENDAH,SELANGOR,FREEHOLD,FLAT,50000.0,77.0,15
SERI AUSTIN RESIDENCE (PANGSAPURI SERI AUSTIN),TEBRAU,JOHOR,FREEHOLD,APARTMENT,388000.0,436.0,15
PANGSAPURI PALMA,KLANG,SELANGOR,FREEHOLD,APARTMENT,170000.0,259.0,15
GRAVIT8,PORT KLANG,SELANGOR,FREEHOLD,SERVICE RESIDENCE,380000.0,492.0,15
TAMAN SURIA JAYA,KUCHING,SARAWAK,LEASEHOLD,FLAT,105000.0,163.0,15
AUSTIN REGENCY (PANGSAPURI AUSTIN PERDANA),TEBRAU,JOHOR,FREEHOLD,APARTMENT,380000.0,470.0,15
COCOBAY RESORT,PORT DICKSON,NEGERI SEMBILAN,FREEHOLD,CONDOMINIUM,90000.0,124.0,15
SUTRAMAS,PUCHONG,SELANGOR,FREEHOLD,APARTMENT,320000.0,376.0,15
ONE IMPERIAL,SUNGAI ARA,PENANG,FREEHOLD,CONDOMINIUM,575000.0,494.0,15
REGALIA RESIDENCE,KL CITY,KUALA LUMPUR,FREEHOLD,SERVICE RESIDENCE,616505.0,679.0,15
FLAT TAMAN PELANGI INDAH,ULU TIRAM,JOHOR,FREEHOLD,FLAT,150000.0,228.0,15
DAMIANA,ULU BERNAM,PERAK,FREEHOLD,APARTMENT,163000.0,230.0,15
TAMAN SERULING EMAS,SUNGAI JAWI,PENANG,FREEHOLD,FLAT,55000.0,100.0,15
DAMANSARA FORESTA,BANDAR SRI DAMANSARA,SELANGOR,FREEHOLD,CONDOMINIUM,690000.0,452.0,15
IMPIAN MERIDIAN,SUBANG JAYA,SELANGOR,FREEHOLD,SERVICE RESIDENCE,595000.0,551.0,15
TAMAN LTAT,BUKIT JALIL,KUALA LUMPUR,LEASEHOLD,APARTMENT,220000.0,304.0,15
TAMAN PERKASA,HULU LANGAT,SELANGOR,FREEHOLD,FLAT,225000.0,299.0,15
M'TIARA,JOHOR BAHRU,JOHOR,LEASEHOLD,APARTMENT,420000.0,420.0,15
MONT RESIDENCE,TANJONG TOKONG,PENANG,FREEHOLD,CONDOMINIUM,760000.0,795.0,15
PD TIARA BAY,PASIR PANJANG,NEGERI SEMBILAN,FREEHOLD,APARTMENT,53000.0,130.0,15
CORUS PARADISE RESORT,PORT DICKSON,NEGERI SEMBILAN,LEASEHOLD,CONDOMINIUM,160000.0,219.0,15
GURNEY PARK CONDOMINIUM,GURNEY,PENANG,FREEHOLD,CONDOMINIUM,657000.0,744.0,15
DELTA HEIGHTS,PENAMPANG,SABAH,LEASEHOLD,APARTMENT,350000.0,375.0,15
VISTA ILMU,KOTA SAMARAHAN,SARAWAK,LEASEHOLD,APARTMENT,180000.0,240.0,15
SRI LAVENDER APARTMENT,KAJANG,SELANGOR,FREEHOLD,APARTMENT,300000.0,287.0,15
N-PARK CONDOMINIUM,GELUGOR,PENANG,FREEHOLD,CONDOMINIUM,330000.0,471.0,15
SERI MAJU & SEPANGAR RIA,KOTA KINABALU,SABAH,LEASEHOLD,APARTMENT,172000.0,265.0,15
TAMAN SRI SENTOSA,JALAN KLANG LAMA (OLD KLANG ROAD),KUALA LUMPUR,LEASEHOLD,FLAT,180000.0,257.0,15
TAMAN PANDAN PERDANA,AMPANG,SELANGOR,LEASEHOLD,FLAT,150000.0,232.0,15
KINRARA MAS,BUKIT JALIL,KUALA LUMPUR,FREEHOLD,CONDOMINIUM,380000.0,319.0,15
IDAMAN SUTERA,SETAPAK,KUALA LUMPUR,FREEHOLD,CONDOMINIUM,350000.0,412.0,15
PINANG EMAS,BATU FERRINGHI,PENANG,FREEHOLD,APARTMENT,170000.0,304.0,15
THE SCOTT GARDEN SOHO,JALAN KLANG LAMA (OLD KLANG ROAD),KUALA LUMPUR,FREEHOLD,SERVICE RESIDENCE,650000.0,851.0,15
IVORY RESIDENCE,KAJANG,SELANGOR,FREEHOLD,CONDOMINIUM,390000.0,302.0,15
DESA IDAMAN RESIDENCES,PUCHONG,SELANGOR,FREEHOLD,APARTMENT,450000.0,432.0,15
TAMAN TAN SRI YAACOB,SKUDAI,JOHOR,FREEHOLD,FLAT,140000.0,217.0,15
KIARA RESIDENCE 2 (RESIDENSI KIARA JALIL 2),BUKIT JALIL,KUALA LUMPUR,LEASEHOLD,CONDOMINIUM,585000.0,479.0,15
CHANGKAT VIEW,DUTAMAS,KUALA LUMPUR,FREEHOLD,CONDOMINIUM,453000.0,414.0,15
TAMAN BAGAN,BUTTERWORTH,PENANG,FREEHOLD,FLAT,115000.0,222.0,15
KELANA PUTERI,KELANA JAYA,SELANGOR,LEASEHOLD,CONDOMINIUM,380000.0,349.0,15
DAHLIA,SERENDAH,SELANGOR,LEASEHOLD,APARTMENT,150000.0,214.0,15
THE GOLDEN TRIANGLE CONDOMINIUM,SUNGAI ARA,PENANG,FREEHOLD,CONDOMINIUM,538000.0,442.0,15
THE LOFT @ ZETAPARK,SETAPAK,KUALA LUMPUR,LEASEHOLD,SERVICE RESIDENCE,500000.0,465.0,15
VISTA PINGGIRAN APARTMENT,SERI KEMBANGAN,SELANGOR,LEASEHOLD,APARTMENT,310000.0,355.0,15
U GARDEN RESORT CONDOMINIUM,GELUGOR,PENANG,FREEHOLD,CONDOMINIUM,260000.0,457.0,15
SETIA SKY RESIDENCES,KLCC,KUALA LUMPUR,FREEHOLD,SERVICE RESIDENCE,1000000.0,879.0,15
MIDFIELDS,SUNGAI BESI,KUALA LUMPUR,LEASEHOLD,CONDOMINIUM,450000.0,386.0,15
ONE CENTRAL PARK,DESA PARKCITY,KUALA LUMPUR,FREEHOLD,CONDOMINIUM,1600000.0,1128.0,15
KLEBANG PERDANA,IPOH,PERAK,FREEHOLD,TERRACE HOUSE,554888.0,371.0,14
TAMAN SRI TREH (TAMAN BINTANG ANGKASA),MUAR,JOHOR,FREEHOLD,TERRACE HOUSE,489000.0,233.0,14
BANDAR PERMATA LUNAS,LUNAS,KEDAH,FREEHOLD,SEMI D,412500.0,172.0,14
BANDAR PERMATA LUNAS,LUNAS,KEDAH,FREEHOLD,TERRACE HOUSE,412500.0,172.0,14
TAMAN TASIK PERDANA,PENGKALAN HULU,PERAK,LEASEHOLD,TERRACE HOUSE,188000.0,157.0,14
TAMAN MASJID TANAH PERDANA,MASJID TANAH,MELAKA,FREEHOLD,SEMI D,410000.0,128.0,14
TAMAN TEHEL IMPIAN (SAUJANA PERDANA),BEMBAN,MELAKA,FREEHOLD,TERRACE HOUSE,291230.0,182.0,14
TAMAN SERI BAYU 2,SUNGAI LALANG,KEDAH,FREEHOLD,TERRACE HOUSE,320000.0,268.0,14
TAMAN JENDERAM SUTERA,DENGKIL,SELANGOR,FREEHOLD,TERRACE HOUSE,585000.0,418.0,14
TAMAN TOK MUDA SEJAHTERA,KAPAR,SELANGOR,FREEHOLD,TERRACE HOUSE,378000.0,295.0,14
TAMAN ARA BAYU,NILAI,NEGERI SEMBILAN,FREEHOLD,TERRACE HOUSE,378800.0,291.0,14
P/L 174132 INDERA MAHKOTA,KUANTAN,PAHANG,FREEHOLD,TERRACE HOUSE,392000.0,276.0,14
BANDAR BESTARI PERMAI,KUALA KETIL,KEDAH,FREEHOLD,TERRACE HOUSE,237500.0,136.0,14
PERMAIPURA VILLA,SUNGAI LALANG,KEDAH,FREEHOLD,BUNGALOW,548000.0,98.0,14
TAMAN WANGSA PERMAI (P/L 13367),LUMUT,PERAK,FREEHOLD,SEMI D,498800.0,178.0,14
TAMAN SRI NOVA UTAMA,TAMPIN,NEGERI SEMBILAN,FREEHOLD,SEMI D,401900.0,107.0,14
TAMAN SRI NOVA UTAMA,TAMPIN,NEGERI SEMBILAN,FREEHOLD,TERRACE HOUSE,401900.0,107.0,14
PLUMERIA @ BANDAR UNIVERSITI,SERI ISKANDAR,PERAK,LEASEHOLD,TERRACE HOUSE,250000.0,175.0,14
AMAN CITIES,BATU GAJAH,PERAK,LEASEHOLD,TERRACE HOUSE,231300.0,145.0,14
BB SETIA AWAN PERDANA RESIDEN 2,SITIAWAN,PERAK,FREEHOLD,BUNGALOW,240000.0,117.0,14
BB SETIA AWAN PERDANA RESIDEN 2,SITIAWAN,PERAK,FREEHOLD,CLUSTER HOUSE,240000.0,117.0,14
TAMAN BUKIT SENAWANG PERDANA (PHASE 2),RANTAU,NEGERI SEMBILAN,FREEHOLD,SEMI D,605000.0,159.0,14
SCIENTEX IPOH - BEGONIA,IPOH,PERAK,FREEHOLD,TERRACE HOUSE,296800.0,254.0,14
TAMAN SRI NIBONG,BAYAN LEPAS,PENANG,FREEHOLD,TERRACE HOUSE,1175000.0,675.0,14
VISION HOMES,SEREMBAN 2,NEGERI SEMBILAN,FREEHOLD,CLUSTER HOUSE,550000.0,274.0,14
SP SAUJANA,SUNGAI PETANI,KEDAH,FREEHOLD,TERRACE HOUSE,450000.0,232.0,14
TAMAN NILAM,KUAH,KEDAH,LEASEHOLD,TERRACE HOUSE,145000.0,101.0,14
TAMAN DESA IMPIAN,KUAH,KEDAH,FREEHOLD,TERRACE HOUSE,618800.0,435.0,14
KAMPUNG MERDEKA - TR 105,BATU PAHAT,JOHOR,FREEHOLD,SEMI D,325000.0,185.0,14
KAMPUNG MERDEKA - TR 105,BATU PAHAT,JOHOR,FREEHOLD,TERRACE HOUSE,325000.0,185.0,14
TAMAN DELIMA II,KLUANG,JOHOR,FREEHOLD,SEMI D,314000.0,179.0,14
TAMAN DELIMA II,KLUANG,JOHOR,FREEHOLD,TERRACE HOUSE,314000.0,179.0,14
TAMAN DESA ABLELINK,KLANG,SELANGOR,FREEHOLD,TERRACE HOUSE,445000.0,398.0,14
RMM BANJARAN SERAPI,KUCHING,SARAWAK,LEASEHOLD,TERRACE HOUSE,234000.0,133.0,14
TAMAN MERAK JAYA,SIMPANG AMPAT,PENANG,FREEHOLD,TERRACE HOUSE,315000.0,231.0,14
TAMAN RASAH JAYA V,RASAH,NEGERI SEMBILAN,FREEHOLD,TERRACE HOUSE,300000.0,182.0,14
TAMAN PRIMA SAUJANA,KAJANG,SELANGOR,FREEHOLD,BUNGALOW,525000.0,354.0,14
TAMAN PRIMA SAUJANA,KAJANG,SELANGOR,FREEHOLD,TERRACE HOUSE,525000.0,354.0,14
TAMAN T&G PHASE 7,KOTA MARUDU,SABAH,LEASEHOLD,SEMI D,500000.0,238.0,14
TAMAN DESA RHU,SIKAMAT,NEGERI SEMBILAN,LEASEHOLD,TERRACE HOUSE,237500.0,210.0,14
TAMAN LARAH AMAN,TAIPING,PERAK,FREEHOLD,TERRACE HOUSE,230000.0,192.0,14
TAMAN PURA KENCANA - TR. 41,BATU PAHAT,JOHOR,FREEHOLD,TERRACE HOUSE,445000.0,227.0,14
TAMAN DATUK TAMBY CHIK KARIM,BATU BERENDAM,MELAKA,LEASEHOLD,TERRACE HOUSE,305000.0,227.0,14
TAMAN PERMAI BIDOR,BIDOR,PERAK,LEASEHOLD,CLUSTER HOUSE,364000.0,153.0,14
TAMAN PERMAI BIDOR,BIDOR,PERAK,LEASEHOLD,SEMI D,364000.0,153.0,14
TAMAN PERMAI BIDOR,BIDOR,PERAK,LEASEHOLD,TERRACE HOUSE,364000.0,153.0,14
TAMAN BAKRI JAYA,BAKRI,JOHOR,FREEHOLD,TERRACE HOUSE,610000.0,238.0,14
BANDAR TUN RAZAK,CHERAS,KUALA LUMPUR,LEASEHOLD,CLUSTER HOUSE,335000.0,298.0,14
BANDAR TUN RAZAK,CHERAS,KUALA LUMPUR,LEASEHOLD,TERRACE HOUSE,335000.0,298.0,14
TAMAN SELATAN,KLANG,SELANGOR,FREEHOLD,TERRACE HOUSE,655000.0,296.0,14
USJ 13,SUBANG JAYA,SELANGOR,FREEHOLD,TERRACE HOUSE,697500.0,552.0,14
USJ HEIGHTS,SUBANG JAYA,SELANGOR,FREEHOLD,TERRACE HOUSE,1526237.5,624.0,14
TAMAN SUNGAI UDANG MUTIARA,SUNGAI UDANG,MELAKA,FREEHOLD,TERRACE HOUSE,290000.0,175.0,14
PERUMAHAN PASDEC,KUANTAN,PAHANG,LEASEHOLD,TERRACE HOUSE,250000.0,189.0,14
TAMAN IMPIAN JAYA,SENAI,JOHOR,LEASEHOLD,TERRACE HOUSE,411000.0,142.0,14
TAMAN SRI WANGSA II,BATU GAJAH,PERAK,LEASEHOLD,TERRACE HOUSE,229400.0,191.0,14
PUNCAK BOUGAINVILLEA,PADANG RENGAS,PERAK,FREEHOLD,TERRACE HOUSE,274440.0,187.0,14
TAMAN SAMUDRA,BATU CAVES,SELANGOR,LEASEHOLD,TERRACE HOUSE,550000.0,581.0,14
TAMAN SILIBIN RIA,IPOH,PERAK,LEASEHOLD,SEMI D,515000.0,293.0,14
TAMAN SILIBIN RIA,IPOH,PERAK,LEASEHOLD,TERRACE HOUSE,515000.0,293.0,14
TAMAN TEMIANG JAYA II,MUAR,JOHOR,FREEHOLD,TERRACE HOUSE,865000.0,329.0,14
SIERRAMAS,SUNGAI BULOH,SELANGOR,FREEHOLD,BUNGALOW,2405000.0,670.0,14
SIERRAMAS,SUNGAI BULOH,SELANGOR,FREEHOLD,SEMI D,1838000.0,670.0,14
RPR BATU KAWA,KUCHING,SARAWAK,LEASEHOLD,TERRACE HOUSE,250000.0,198.0,14
TAMAN SRI PULASAN,SEREMBAN,NEGERI SEMBILAN,LEASEHOLD,TERRACE HOUSE,215000.0,172.0,14
TAMAN DESA JASMIN,NILAI,NEGERI SEMBILAN,FREEHOLD,TERRACE HOUSE,334500.0,210.0,14
TAMAN DATUK SENU,SENTUL,KUALA LUMPUR,LEASEHOLD,CLUSTER HOUSE,330000.0,513.0,14
TAMAN DATUK SENU,SENTUL,KUALA LUMPUR,LEASEHOLD,TERRACE HOUSE,330000.0,513.0,14
TAMAN MEDAN PASIR SAUJANA,IPOH,PERAK,FREEHOLD,TERRACE HOUSE,559000.0,336.0,14
SEKSYEN 20,PETALING JAYA,SELANGOR,FREEHOLD,TERRACE HOUSE,885000.0,426.0,14
TAMAN MAKMUR FASA 1,LUNAS,KEDAH,FREEHOLD,TERRACE HOUSE,300000.0,207.0,14
SENIBONG VILLAS,MASAI,JOHOR,FREEHOLD,BUNGALOW,2125000.0,456.0,14
TAMAN KOTA YONG PENG,YONG PENG,JOHOR,FREEHOLD,TERRACE HOUSE,240000.0,160.0,14
TAMAN ANGSANA,KULIM,KEDAH,FREEHOLD,TERRACE HOUSE,297000.0,216.0,14
TAMAN KOPERASI POLIS FASA 2,BATU CAVES,KUALA LUMPUR,FREEHOLD,TERRACE HOUSE,460000.0,504.0,14
JALAN INDAH,SIBU,SARAWAK,LEASEHOLD,TERRACE HOUSE,267500.0,119.0,14
TAMAN PERMAIPURA,SUNGAI LALANG,KEDAH,FREEHOLD,BUNGALOW,240000.0,150.0,14
TAMAN PERMAIPURA,SUNGAI LALANG,KEDAH,FREEHOLD,TERRACE HOUSE,240000.0,150.0,14
TAMAN KESANG MAWAR,MUAR,JOHOR,FREEHOLD,TERRACE HOUSE,485000.0,264.0,14
RIVERIA,KOTA SAMARAHAN,SARAWAK,LEASEHOLD,TERRACE HOUSE,592500.0,213.0,14
TAMAN KEMPAS FASA 1,SUNGAI PETANI,KEDAH,FREEHOLD,TERRACE HOUSE,237500.0,182.0,14
BANDAR AINSDALE,LABU,NEGERI SEMBILAN,FREEHOLD,TERRACE HOUSE,623888.0,444.0,14
MAJIDEE PARK,JOHOR BAHRU,JOHOR,FREEHOLD,BUNGALOW,935000.0,189.0,14
MAJIDEE PARK,JOHOR BAHRU,JOHOR,FREEHOLD,SEMI D,935000.0,189.0,14
TAMAN ANGGERIK HEIGHTS,BENTONG,PAHANG,FREEHOLD,TERRACE HOUSE,338000.0,242.0,14
TAMAN LAHAT PERMAI,LAHAT,PERAK,LEASEHOLD,TERRACE HOUSE,280000.0,224.0,14
TAMAN AMAN 3,LAHAD DATU,SABAH,LEASEHOLD,TERRACE HOUSE,375000.0,176.0,14
TAMAN GURUN JAYA,GURUN,KEDAH,FREEHOLD,SEMI D,206500.0,107.0,14
TAMAN GURUN JAYA,GURUN,KEDAH,FREEHOLD,TERRACE HOUSE,206500.0,107.0,14
TAMAN SELAYANG UTAMA,SELAYANG,SELANGOR,LEASEHOLD,TERRACE HOUSE,684000.0,491.0,14
PERUMAHAN PRIMA BG SERAI,BAGAN SERAI,PERAK,FREEHOLD,TERRACE HOUSE,310000.0,222.0,14
TAMAN SERI KIJANG,BUKIT MERTAJAM,PENANG,FREEHOLD,TERRACE HOUSE,311500.0,271.0,14
TAMAN TANGGA BATU PERDANA,TANJONG KLING,MELAKA,LEASEHOLD,TERRACE HOUSE,308000.0,193.0,14
TAMAN SERI RANTAU,KAPAR,SELANGOR,FREEHOLD,TERRACE HOUSE,410000.0,251.0,14
TAMAN ASEAN,BALAI PANJANG,MELAKA,FREEHOLD,TERRACE HOUSE,382500.0,236.0,14
TAMAN KLANG JAYA,KLANG,SELANGOR,FREEHOLD,TERRACE HOUSE,475000.0,232.0,14
SEKSYEN 8 SHAH ALAM,SHAH ALAM,SELANGOR,LEASEHOLD,TERRACE HOUSE,700000.0,348.0,14
TAMAN HAJI MOHD AMIN,PERMATANG PAUH,PENANG,FREEHOLD,FLAT,160000.0,218.0,14
TAMAN MENGKUDU,BUKIT MINYAK,PENANG,FREEHOLD,FLAT,100000.0,167.0,14
QUEENS RESIDENCES Q2 @ QUEENS WATERFRONT,BAYAN LEPAS,PENANG,FREEHOLD,CONDOMINIUM,1253287.0,1066.0,14
MAGNA VILLE,SELAYANG,SELANGOR,LEASEHOLD,CONDOMINIUM,350000.0,316.0,14
KRYSTAL HEIGHTS,JELUTONG,PENANG,FREEHOLD,FLAT,177500.0,374.0,14
UNIVERSITY APARTMENT PHASE 1,KOTA KINABALU,SABAH,LEASEHOLD,APARTMENT,245000.0,400.0,14
PANGSAPURI SAUJANA PERMAI 1,KAJANG,SELANGOR,FREEHOLD,APARTMENT,310000.0,310.0,14
LAKEVIEW APARTMENTS,SELAYANG,SELANGOR,LEASEHOLD,APARTMENT,282500.0,324.0,14
DELIMA IMPIAN,BUKIT MINYAK,PENANG,FREEHOLD,FLAT,160000.0,248.0,14
SELESA PUTERI CONDOMINIUM,SKUDAI,JOHOR,FREEHOLD,CONDOMINIUM,271000.0,268.0,14
BAHAGIA RESIDENCES,MIRI,SARAWAK,LEASEHOLD,APARTMENT,260000.0,306.0,14
SUMMER PLACE,JELUTONG,PENANG,LEASEHOLD,CONDOMINIUM,690000.0,637.0,14
INDAH,BUTTERWORTH,PENANG,FREEHOLD,APARTMENT,215000.0,303.0,14
SUBANG PERDANA GOODYEAR COURT 3,SUBANG JAYA,SELANGOR,FREEHOLD,APARTMENT,354000.0,378.0,14
1MEDINI,ISKANDAR PUTERI (NUSAJAYA),JOHOR,FREEHOLD,CONDOMINIUM,370000.0,366.0,14
BUKIT PANDAN KONDOMINIUM 1,CHERAS,KUALA LUMPUR,FREEHOLD,CONDOMINIUM,380000.0,322.0,14
CORMAR SUITES (FRASER PLACE (LOT 163)),KLCC,KUALA LUMPUR,FREEHOLD,SERVICE RESIDENCE,749400.0,1200.0,14
GOLDEN VILLA,KLANG,SELANGOR,FREEHOLD,APARTMENT,217500.0,226.0,14
KOTA LAKSAMANA UTAMA,MELAKA CITY,MELAKA,LEASEHOLD,APARTMENT,126000.0,155.0,14
SKY GARDENS RESIDENCES,TAMPOI,JOHOR,FREEHOLD,SERVICE RESIDENCE,435000.0,413.0,14
SUASANA LUMAYAN,CHERAS,KUALA LUMPUR,LEASEHOLD,CONDOMINIUM,487500.0,407.0,14
GENTING COURT CONDOMINIUM,SETAPAK,KUALA LUMPUR,LEASEHOLD,CONDOMINIUM,204500.0,279.0,14
FOUR SEASONS PLACE,KLCC,KUALA LUMPUR,FREEHOLD,SERVICE RESIDENCE,1341465.0,1815.0,14
CHERRY,IPOH,PERAK,FREEHOLD,APARTMENT,137500.0,180.0,14
SERI PAUH,BUKIT MERTAJAM,PENANG,LEASEHOLD,FLAT,170000.0,282.0,14
PANTAI HILLPARK 2,PANTAI,KUALA LUMPUR,LEASEHOLD,CONDOMINIUM,462500.0,506.0,14
PANTAI PANORAMA CONDOMINIUMS,KAMPUNG KERINCHI (BANGSAR SOUTH),KUALA LUMPUR,FREEHOLD,CONDOMINIUM,482500.0,437.0,14
IXORA APARTMENT,BUKIT BARU,MELAKA,FREEHOLD,APARTMENT,332500.0,259.0,14
VILLA FLORA,TAMAN TUN DR ISMAIL,KUALA LUMPUR,FREEHOLD,CONDOMINIUM,830500.0,600.0,14
BERCHAM PRIMA (IPOH KIARA),IPOH,PERAK,LEASEHOLD,CONDOMINIUM,315000.0,259.0,14
AMAN HEIGHTS CONDOMINIUM,SERI KEMBANGAN,SELANGOR,FREEHOLD,CONDOMINIUM,393500.0,311.0,14
TAMAN AIR TAWAR INDAH,BUTTERWORTH,PENANG,FREEHOLD,FLAT,110000.0,204.0,14
VISTA SERI PUTRA,BANGI,SELANGOR,FREEHOLD,APARTMENT,316000.0,347.0,14
HARMONY VIEW,JELUTONG,PENANG,FREEHOLD,APARTMENT,378000.0,560.0,14
SRI ANGGERIK 2,PUCHONG,SELANGOR,FREEHOLD,APARTMENT,380000.0,458.0,14
SRI KENARI APARTMENT,JOHOR BAHRU,JOHOR,LEASEHOLD,APARTMENT,320000.0,350.0,14
SRI KENARI APARTMENT,JOHOR BAHRU,JOHOR,LEASEHOLD,FLAT,320000.0,350.0,14
RESIDENSI SOLARIS PARQ,DUTAMAS,KUALA LUMPUR,FREEHOLD,SERVICE RESIDENCE,1090000.0,1068.0,14
TAMAN MACHANG BUBOK,BUKIT MERTAJAM,PENANG,FREEHOLD,FLAT,71000.0,121.0,14
SERI INTAN APARTMENT,SETIA ALAM,SELANGOR,FREEHOLD,APARTMENT,340000.0,410.0,14
PAVILION HILLTOP,MONT KIARA,KUALA LUMPUR,FREEHOLD,CONDOMINIUM,1620000.0,968.0,14
KELANA D'PUTERA,KELANA JAYA,SELANGOR,LEASEHOLD,CONDOMINIUM,400000.0,342.0,14
PETALING INDAH CONDOMINIUMS,SRI PETALING,KUALA LUMPUR,LEASEHOLD,CONDOMINIUM,298850.0,297.0,14
DESA DUA,KEPONG,SELANGOR,FREEHOLD,APARTMENT,262500.0,313.0,14
SURIA STONOR,KLCC,KUALA LUMPUR,FREEHOLD,SERVICE RESIDENCE,1341465.0,1173.0,14
TAMAN PUSAT KEPONG,SEGAMBUT,KUALA LUMPUR,LEASEHOLD,FLAT,182500.0,195.0,14
SCOTT TOWERS @ LARKIN JB,JOHOR BAHRU,JOHOR,LEASEHOLD,APARTMENT,395000.0,408.0,14
ABADI INDAH,TAMAN DESA,KUALA LUMPUR,LEASEHOLD,APARTMENT,300000.0,327.0,14
TELIPOK SQUARE,TUARAN,SABAH,LEASEHOLD,FLAT,137000.0,215.0,14
RUMAH PANGSA SRI ORKID,ULU TIRAM,JOHOR,FREEHOLD,FLAT,157500.0,222.0,14
PANGSAPURI IKHLAS,JITRA,KEDAH,FREEHOLD,APARTMENT,165000.0,241.0,14
TAMAN DAYA,KEPONG,SELANGOR,LEASEHOLD,TERRACE HOUSE,550000.0,515.0,13
TAMAN BRINGIN,JINJANG,KUALA LUMPUR,LEASEHOLD,CLUSTER HOUSE,300000.0,472.0,13
TAMAN BRINGIN,JINJANG,KUALA LUMPUR,LEASEHOLD,TERRACE HOUSE,300000.0,472.0,13
BANDAR ALAM MASAI,MASAI,JOHOR,FREEHOLD,TERRACE HOUSE,688000.0,364.0,13
TAMAN GRANDVIEW,SANDAKAN,SABAH,LEASEHOLD,TERRACE HOUSE,430000.0,208.0,13
TAMAN PERMATA,ULU KLANG,SELANGOR,FREEHOLD,TERRACE HOUSE,450000.0,439.0,13
TAMAN BUKIT SUBANG,SHAH ALAM,SELANGOR,FREEHOLD,TERRACE HOUSE,590000.0,415.0,13
TAMAN BERKELEY,KAPAR,SELANGOR,FREEHOLD,BUNGALOW,540000.0,275.0,13
TAMAN BERKELEY,KAPAR,SELANGOR,FREEHOLD,TERRACE HOUSE,540000.0,275.0,13
TAMAN PERLING LABIS- TR 74,LABIS,JOHOR,FREEHOLD,TERRACE HOUSE,386400.0,224.0,13
TAMAN BUKIT WANGSA SETIA,ULU BERNAM,PERAK,FREEHOLD,TERRACE HOUSE,408000.0,292.0,13
PERUMAHAN MAKMUR GAMBANG JAYA 1 (PRIMA),KUANTAN,PAHANG,LEASEHOLD,SEMI D,230000.0,79.0,13
NADA 4 @ NADA ALAM,MANTIN,NEGERI SEMBILAN,FREEHOLD,TERRACE HOUSE,800000.0,519.0,13
TAMAN TAN SRI FUZI,SERI ISKANDAR,PERAK,FREEHOLD,TERRACE HOUSE,228000.0,163.0,13
TAMAN RAIA SENTOSA (PRIMA SUNGAI RAYA),SIMPANG PULAI,PERAK,LEASEHOLD,TERRACE HOUSE,285000.0,219.0,13
TAMAN PELANGI [SIKAMAT],SIKAMAT,NEGERI SEMBILAN,FREEHOLD,TERRACE HOUSE,240000.0,179.0,13
LAKEVIEW RESIDENCE,BIDOR,PERAK,LEASEHOLD,CLUSTER HOUSE,398700.0,150.0,13
TAMAN SERI BINTANG,TAMPIN,NEGERI SEMBILAN,FREEHOLD,TERRACE HOUSE,249998.0,161.0,13
P/L143461 SERI MAHKOTA DAMAI FASA 6,KUANTAN,PAHANG,FREEHOLD,TERRACE HOUSE,236000.0,143.0,13
BAYU SUTERA - PRECINCT 3A,JIMAH,NEGERI SEMBILAN,FREEHOLD,TERRACE HOUSE,608299.0,435.0,13
TAMAN DESA BUKIT NILAM,KAPAR,SELANGOR,FREEHOLD,TERRACE HOUSE,549900.0,391.0,13
KAWASAN ABDUL SAMAD/MARIMAH,JOHOR BAHRU,JOHOR,FREEHOLD,CLUSTER HOUSE,980000.0,131.0,13
KAWASAN ABDUL SAMAD/MARIMAH,JOHOR BAHRU,JOHOR,FREEHOLD,SEMI D,980000.0,131.0,13
ANDARI TOWNVILLA 1 & GARDENVILLE,RAWANG,SELANGOR,LEASEHOLD,TOWN HOUSE,310000.0,250.0,13
TAMAN PULAI EMAS,KULAI,JOHOR,LEASEHOLD,TERRACE HOUSE,385000.0,325.0,13
TAMAN BUKIT RANGIN 3,KUANTAN,PAHANG,LEASEHOLD,TERRACE HOUSE,210000.0,167.0,13
TAMAN SATRIA JAYA,KUCHING,SARAWAK,LEASEHOLD,TERRACE HOUSE,580000.0,284.0,13
TAMAN SETAPAK INDAH,SETAPAK,KUALA LUMPUR,LEASEHOLD,TOWN HOUSE,510000.0,431.0,13
TAMAN PULASAN,ALOR SETAR,KEDAH,FREEHOLD,BUNGALOW,561200.0,270.0,13
TAMAN PULASAN,ALOR SETAR,KEDAH,FREEHOLD,TERRACE HOUSE,561200.0,270.0,13
TAMAN CRESCENTIA,BATU KAWAN,PENANG,LEASEHOLD,CLUSTER HOUSE,350000.0,278.0,13
TAMAN CRESCENTIA,BATU KAWAN,PENANG,LEASEHOLD,TERRACE HOUSE,350000.0,278.0,13
TAMAN DESA JAWI,NIBONG TEBAL,PENANG,LEASEHOLD,TERRACE HOUSE,190000.0,199.0,13
BANDAR TEKNOLOGI,KAJANG,SELANGOR,FREEHOLD,TERRACE HOUSE,370000.0,269.0,13
KAMPUNG BATU TIONG / BATU GEDUP,DUNGUN,TERENGGANU,FREEHOLD,SEMI D,350000.0,98.0,13
TAMAN GEMILANG,SERI ISKANDAR,PERAK,LEASEHOLD,SEMI D,370000.0,126.0,13
TAMAN GEMILANG,SERI ISKANDAR,PERAK,LEASEHOLD,TERRACE HOUSE,370000.0,126.0,13
TAMAN TUALANG INDAH,MENTAKAB,PAHANG,FREEHOLD,TERRACE HOUSE,210000.0,144.0,13
TAMAN DESA PERMAI,KAPAR,SELANGOR,FREEHOLD,SEMI D,575000.0,205.0,13
PUCHONG HARTAMAS,PUCHONG,SELANGOR,FREEHOLD,TERRACE HOUSE,800000.0,495.0,13
TAMAN BEMBAN SETIA,BATU GAJAH,PERAK,LEASEHOLD,TERRACE HOUSE,240000.0,166.0,13
TAMAN IMPIANA ADRIL,LAHAT,PERAK,LEASEHOLD,TERRACE HOUSE,250000.0,184.0,13
TAMAN DESA MELATI,NILAI,NEGERI SEMBILAN,FREEHOLD,TERRACE HOUSE,490000.0,222.0,13
TAMAN SINTAR INDAH,NIBONG TEBAL,PENANG,FREEHOLD,SEMI D,340000.0,251.0,13
TAMAN SINTAR INDAH,NIBONG TEBAL,PENANG,FREEHOLD,TERRACE HOUSE,340000.0,251.0,13
TAMAN CEMPAKA,BANTING,SELANGOR,FREEHOLD,TERRACE HOUSE,450000.0,227.0,13
TTDI JAYA,SHAH ALAM,SELANGOR,FREEHOLD,TERRACE HOUSE,600000.0,382.0,13
"TAMAN BAYU INDERA, LUKUT",PORT DICKSON,NEGERI SEMBILAN,FREEHOLD,TERRACE HOUSE,305000.0,200.0,13
TAMAN TEMIANG JAYA,MUAR,JOHOR,FREEHOLD,TERRACE HOUSE,610000.0,312.0,13
PANDAMARAN JAYA,PANDAMARAN,SELANGOR,LEASEHOLD,TERRACE HOUSE,250000.0,200.0,13
TAMAN BUKIT TEMBAKAU,UMBAI,MELAKA,FREEHOLD,SEMI D,260000.0,156.0,13
TAMAN BUKIT TEMBAKAU,UMBAI,MELAKA,FREEHOLD,TERRACE HOUSE,260000.0,156.0,13
TAMAN BUKIT BELIMBING,BALAKONG,SELANGOR,FREEHOLD,TERRACE HOUSE,390000.0,434.0,13
OFF JALAN TELOK GADONG,KLANG,SELANGOR,FREEHOLD,TERRACE HOUSE,600000.0,302.0,13
TAMAN SEMENYIH MEWAH,SEMENYIH,SELANGOR,FREEHOLD,TERRACE HOUSE,615000.0,354.0,13
TAMAN ENG ANN,KLANG,SELANGOR,FREEHOLD,TERRACE HOUSE,480000.0,240.0,13
TAMAN EHSAN JAYA,ULU TIRAM,JOHOR,LEASEHOLD,TERRACE HOUSE,670000.0,499.0,13
TAMAN PAUH JAYA,PERAI,PENANG,FREEHOLD,TERRACE HOUSE,590000.0,400.0,13
TAMAN TIRAM,KULIM,KEDAH,FREEHOLD,SEMI D,280000.0,177.0,13
TAMAN TIRAM,KULIM,KEDAH,FREEHOLD,TERRACE HOUSE,280000.0,177.0,13
SETIA DAMAI 15,SETIA ALAM,SELANGOR,FREEHOLD,SEMI D,1490000.0,536.0,13
TAMAN DARULAMAN PERDANA,SUNGAI PETANI,KEDAH,FREEHOLD,SEMI D,380000.0,186.0,13
TAMAN DARULAMAN PERDANA,SUNGAI PETANI,KEDAH,FREEHOLD,TERRACE HOUSE,380000.0,186.0,13
TAMAN BUKIT SERDANG SEKSYEN 2,SERI KEMBANGAN,SELANGOR,FREEHOLD,TOWN HOUSE,455000.0,340.0,13
TAMAN SEMENYIH INDAH,SEMENYIH,SELANGOR,FREEHOLD,TERRACE HOUSE,390000.0,290.0,13
TAMAN SRI SENTOSA,KLANG,SELANGOR,FREEHOLD,TERRACE HOUSE,420000.0,346.0,13
TAMAN SRI SENTOSA,KLANG,SELANGOR,FREEHOLD,TOWN HOUSE,420000.0,346.0,13
TAMAN NUSA PERINTIS I,ISKANDAR PUTERI (NUSAJAYA),JOHOR,FREEHOLD,BUNGALOW,550000.0,188.0,13
TAMAN NUSA PERINTIS I,ISKANDAR PUTERI (NUSAJAYA),JOHOR,FREEHOLD,TERRACE HOUSE,550000.0,188.0,13
TAMAN BERTAM IMPIAN,TANJONG MINYAK,MELAKA,FREEHOLD,TERRACE HOUSE,270000.0,207.0,13
DESA PENGKALAN BERSATU,IPOH,PERAK,LEASEHOLD,TERRACE HOUSE,309800.0,241.0,13
TAMAN MAJU,BATU PAHAT,JOHOR,FREEHOLD,TERRACE HOUSE,365000.0,246.0,13
SEKSYEN 8,PETALING JAYA,SELANGOR,LEASEHOLD,SEMI D,600000.0,309.0,13
SEKSYEN 8,PETALING JAYA,SELANGOR,LEASEHOLD,TERRACE HOUSE,600000.0,309.0,13
TAMAN MENARA MAJU,KLANG,SELANGOR,FREEHOLD,TERRACE HOUSE,400000.0,253.0,13
TAMAN JATI,RAWANG,SELANGOR,LEASEHOLD,TERRACE HOUSE,300000.0,293.0,13
PERKAMPUNGAN SRI MAHKOTA AMAN,KUANTAN,PAHANG,FREEHOLD,TERRACE HOUSE,250000.0,156.0,13
TAMAN BENDAHARA,KUALA SELANGOR,SELANGOR,FREEHOLD,SEMI D,450000.0,215.0,13
TAMAN BENDAHARA,KUALA SELANGOR,SELANGOR,FREEHOLD,TERRACE HOUSE,450000.0,215.0,13
MEDAN LAHAT BARU,LAHAT,PERAK,LEASEHOLD,TERRACE HOUSE,288800.0,179.0,13
INDERA DUTA,KUANTAN,PAHANG,LEASEHOLD,TERRACE HOUSE,360000.0,227.0,13
TAMAN KOBENA,TAMPOI,JOHOR,LEASEHOLD,TERRACE HOUSE,330000.0,206.0,13
TAMAN SEGAR PERDANA,CHERAS,SELANGOR,LEASEHOLD,SEMI D,929000.0,550.0,13
TAMAN INDAH (SUNGAI UDANG),MASJID TANAH,MELAKA,LEASEHOLD,TERRACE HOUSE,300000.0,184.0,13
LUCKY GARDEN (JALAN BANGSAR),BANGSAR,KUALA LUMPUR,FREEHOLD,SEMI D,1270000.0,624.0,13
LUCKY GARDEN (JALAN BANGSAR),BANGSAR,KUALA LUMPUR,FREEHOLD,TERRACE HOUSE,1270000.0,624.0,13
TAMAN DELIMA,SITIAWAN,PERAK,FREEHOLD,TERRACE HOUSE,368800.0,180.0,13
TAMAN SEMARAK II,NILAI,NEGERI SEMBILAN,FREEHOLD,TERRACE HOUSE,300000.0,195.0,13
KAMPUNG CHERANG RUKU,CHERANG RUKU,KELANTAN,FREEHOLD,BUNGALOW,325000.0,61.0,13
KAMPUNG CHERANG RUKU,CHERANG RUKU,KELANTAN,FREEHOLD,TERRACE HOUSE,325000.0,61.0,13
TAMAN LANGAT MURNI APARTMENT,DENGKIL,SELANGOR,LEASEHOLD,APARTMENT,180000.0,224.0,13
GRACE RESIDENCE,JELUTONG,PENANG,FREEHOLD,CONDOMINIUM,780000.0,592.0,13
DESA SKUDAI APARTMENT,SKUDAI,JOHOR,FREEHOLD,APARTMENT,330000.0,281.0,13
FLAT PKNS SEKSYEN 8,SHAH ALAM,SELANGOR,LEASEHOLD,FLAT,170000.0,287.0,13
DESARIA VILLA,PUCHONG,SELANGOR,LEASEHOLD,CONDOMINIUM,220000.0,204.0,13
TROPICANA BAY RESIDENCES,BAYAN LEPAS,PENANG,FREEHOLD,CONDOMINIUM,595000.0,688.0,13
1120 PARK AVENUE,PETALING JAYA,SELANGOR,LEASEHOLD,CONDOMINIUM,430000.0,422.0,13
SERI JATI,SETIA ALAM,SELANGOR,FREEHOLD,APARTMENT,325000.0,397.0,13
D'CERRUM APARTMENT,SEMENYIH,SELANGOR,FREEHOLD,APARTMENT,290000.0,306.0,13
ATLANTIS RESIDENCES (PANGSAPURI ATLANTIS KOTA SYAHBANDAR),MELAKA CITY,MELAKA,LEASEHOLD,SERVICE RESIDENCE,330000.0,457.0,13
ATMOSFERA KONDOMINIUM,PUCHONG,SELANGOR,FREEHOLD,CONDOMINIUM,580000.0,406.0,13
ANDAMAN QUAYSIDE,TANJONG TOKONG,PENANG,FREEHOLD,CONDOMINIUM,1620000.0,1128.0,13
TAMAN SETIA BALAKONG,BALAKONG,SELANGOR,LEASEHOLD,FLAT,170000.0,231.0,13
"TAMAN DAYA - JALAN PINANG 3, 4",TEBRAU,JOHOR,FREEHOLD,FLAT,150000.0,258.0,13
SUBANG PERDANA GOODYEAR COURT 9,SUBANG JAYA,SELANGOR,FREEHOLD,APARTMENT,380000.0,373.0,13
KENANGA (PARK VIEW COURT),MELAKA CITY,MELAKA,FREEHOLD,APARTMENT,220000.0,230.0,13
NOVA SAUJANA,SAUJANA,SELANGOR,FREEHOLD,SERVICE RESIDENCE,530000.0,614.0,13
PUNCAK BANYAN,CHERAS,KUALA LUMPUR,FREEHOLD,CONDOMINIUM,328000.0,401.0,13
VISTA KIARA,MONT KIARA,KUALA LUMPUR,FREEHOLD,CONDOMINIUM,630000.0,452.0,13
VALENCIA APARTMENT,SHAH ALAM,SELANGOR,LEASEHOLD,APARTMENT,170000.0,179.0,13
PAN VISTA,PERMAS JAYA,JOHOR,FREEHOLD,APARTMENT,339000.0,331.0,13
LARKIN HEIGHTS,JOHOR BAHRU,JOHOR,LEASEHOLD,SERVICE RESIDENCE,388000.0,388.0,13
CASA TROPIKA,PUCHONG,SELANGOR,LEASEHOLD,CONDOMINIUM,495000.0,393.0,13
THE CLOVERS,BAYAN LEPAS,PENANG,FREEHOLD,CONDOMINIUM,620000.0,472.0,13
SRI ANGGERIK 1,PUCHONG,SELANGOR,FREEHOLD,APARTMENT,320000.0,407.0,13
JENTAYU RESIDENSI @ TAMPOI,JOHOR BAHRU,JOHOR,FREEHOLD,SERVICE RESIDENCE,370000.0,373.0,13
CASA RIA APARTMENT,RAWANG,SELANGOR,FREEHOLD,APARTMENT,210000.0,263.0,13
PANGSAPURI PERMAI PUTERI,AMPANG,SELANGOR,LEASEHOLD,APARTMENT,320000.0,372.0,13
PANDAN MEWAH,AMPANG,SELANGOR,LEASEHOLD,FLAT,190000.0,249.0,13
CASA IDAMAN,SENTUL,KUALA LUMPUR,LEASEHOLD,CONDOMINIUM,400000.0,394.0,13
TAMAN SAUJANA PUCHONG,PUCHONG,SELANGOR,LEASEHOLD,FLAT,105000.0,147.0,13
PELANGI DAMANSARA 1,BANDAR UTAMA,SELANGOR,LEASEHOLD,APARTMENT,460000.0,497.0,13
SERI RIANA RESIDENCE,WANGSA MAJU,KUALA LUMPUR,LEASEHOLD,CONDOMINIUM,1000000.0,584.0,13
VISTA MAGNA,KEPONG,KUALA LUMPUR,LEASEHOLD,APARTMENT,285000.0,331.0,13
ANJUNG HIJAU (GREENFIELDS),BUKIT JALIL,KUALA LUMPUR,FREEHOLD,APARTMENT,425000.0,429.0,13
TAMAN SERI SARI (SUNSHINE GARDEN),BUKIT JAMBUL,PENANG,FREEHOLD,APARTMENT,260000.0,371.0,13
KIARAVILLE,MONT KIARA,KUALA LUMPUR,FREEHOLD,CONDOMINIUM,1300000.0,667.0,13
THE NORTHSHORE GARDENS,DESA PARKCITY,KUALA LUMPUR,FREEHOLD,CONDOMINIUM,1620000.0,949.0,13
BEVERLY HILLS 1,KOTA KINABALU,SABAH,LEASEHOLD,APARTMENT,265000.0,352.0,13
BANDAR SULTAN SULEIMAN,PORT KLANG,SELANGOR,LEASEHOLD,FLAT,155000.0,203.0,13
MONT KIARA PINES,MONT KIARA,KUALA LUMPUR,FREEHOLD,CONDOMINIUM,695000.0,538.0,13
KETUMBAR HEIGHTS,CHERAS,KUALA LUMPUR,FREEHOLD,CONDOMINIUM,298000.0,344.0,13
SEASONS AMARA LARKIN,JOHOR BAHRU,JOHOR,LEASEHOLD,SERVICE RESIDENCE,400000.0,402.0,13
LIMAU MANIS,BUKIT MERTAJAM,PENANG,FREEHOLD,FLAT,150000.0,221.0,13
TAMAN DESA RAKYAT PERDANA,PASIR GUDANG,JOHOR,LEASEHOLD,FLAT,130000.0,183.0,13
JAZZ SUITES @ VIVACITY,KUCHING,SARAWAK,LEASEHOLD,CONDOMINIUM,650000.0,647.0,13
TAMAN INTAN BAIDURI,BATU CAVES,KUALA LUMPUR,LEASEHOLD,FLAT,130000.0,183.0,13
ICONIC SKIES,SUNGAI ARA,PENANG,FREEHOLD,CONDOMINIUM,830700.0,607.0,13
LOK KAWI HEIGHTS,PAPAR,SABAH,LEASEHOLD,APARTMENT,210000.0,269.0,13
IDAMAN IRIS,SUNGAI ARA,PENANG,FREEHOLD,APARTMENT,400000.0,453.0,13
ARENA GREEN,BUKIT JALIL,KUALA LUMPUR,FREEHOLD,APARTMENT,270000.0,366.0,13
AMAZING HEIGHTS,KLANG,SELANGOR,FREEHOLD,APARTMENT,280000.0,314.0,13
TAMAN SEMARAK II,NILAI,NEGERI SEMBILAN,FREEHOLD,FLAT,120000.0,177.0,13
PLAZA @ KELANA JAYA,PETALING JAYA,SELANGOR,FREEHOLD,SERVICE RESIDENCE,380000.0,841.0,13
FAIR VIEW APARTMENT,PERMAS JAYA,JOHOR,FREEHOLD,APARTMENT,360000.0,342.0,13
FLAT PKNS SECTION 7,SHAH ALAM,SELANGOR,LEASEHOLD,FLAT,230000.0,330.0,13
PANDORA @ TROPICANA METROPARK,SUBANG JAYA,SELANGOR,FREEHOLD,SERVICE RESIDENCE,510000.0,608.0,13
TAMAN IMPIAN EMAS,TEBRAU,JOHOR,FREEHOLD,FLAT,53000.0,77.0,13
TANJUNG COURT,AYER ITAM,PENANG,LEASEHOLD,APARTMENT,310000.0,394.0,13
BUKIT OUG CONDOMINIUMS,BUKIT JALIL,KUALA LUMPUR,FREEHOLD,CONDOMINIUM,320000.0,258.0,13
BANDAR BARU TAMBUN(TAMBUN PERMAI),TAMBUN,PERAK,LEASEHOLD,TERRACE HOUSE,427500.0,273.0,12
TAMAN RIMBA EMAS,MENTAKAB,PAHANG,FREEHOLD,SEMI D,397900.0,139.0,12
TAMAN RIMBA EMAS,MENTAKAB,PAHANG,FREEHOLD,TERRACE HOUSE,397900.0,139.0,12
TAMAN SEMARAK MEGAH,TAWAU,SABAH,LEASEHOLD,TERRACE HOUSE,365000.0,250.0,12
BANDAR AMANJAYA (ZON SEROJA),SUNGAI PETANI,KEDAH,FREEHOLD,TERRACE HOUSE,220000.0,180.0,12
TAMAN NAKHODA,TELOK PANGLIMA GARANG,SELANGOR,FREEHOLD,TERRACE HOUSE,455000.0,324.0,12
SS26 TAMAN MAYANG JAYA,PETALING JAYA,SELANGOR,FREEHOLD,TERRACE HOUSE,825000.0,610.0,12
SS20 DAMANSARA UTAMA,PETALING JAYA,SELANGOR,FREEHOLD,TERRACE HOUSE,1190000.0,687.0,12
SS15,SUBANG JAYA,SELANGOR,FREEHOLD,TERRACE HOUSE,922500.0,508.0,12
TAMAN KINDING FLORA,IPOH,PERAK,LEASEHOLD,CLUSTER HOUSE,252500.0,192.0,12
DATO' AHMAD SAID,IPOH,PERAK,FREEHOLD,TERRACE HOUSE,309550.0,213.0,12
TAMAN HUI SING,KUCHING,SARAWAK,LEASEHOLD,TERRACE HOUSE,722500.0,254.0,12
TAMAN KLEBANG EHSAN,IPOH,PERAK,LEASEHOLD,BUNGALOW,328800.0,145.0,12
TAMAN KLEBANG EHSAN,IPOH,PERAK,LEASEHOLD,SEMI D,328800.0,145.0,12
DESA BUKIT BERLIAN,KAPAR,SELANGOR,LEASEHOLD,SEMI D,446635.0,272.0,12
DESA BUKIT BERLIAN,KAPAR,SELANGOR,LEASEHOLD,TERRACE HOUSE,446635.0,272.0,12
TAMAN PANDAMARAN PERMAI/KOTA PENDAMAR,KLANG,SELANGOR,FREEHOLD,TERRACE HOUSE,420000.0,312.0,12
TAMAN AMANSARA (AMANSARA SOUTH),KEPALA BATAS,PENANG,FREEHOLD,TERRACE HOUSE,481287.0,268.0,12
TAMAN DESA ANGGERIK (PUTRA NILAI),NILAI,NEGERI SEMBILAN,FREEHOLD,TERRACE HOUSE,345000.0,193.0,12
RAINTREE PARK2,SUNGAI BAKAP,PENANG,FREEHOLD,SEMI D,526500.0,321.0,12
RAINTREE PARK2,SUNGAI BAKAP,PENANG,FREEHOLD,TERRACE HOUSE,526500.0,321.0,12
RAINTREE PARK2,SUNGAI BAKAP,PENANG,FREEHOLD,TOWN HOUSE,526500.0,321.0,12
1 TANJUNG,IPOH,PERAK,FREEHOLD,TERRACE HOUSE,298880.0,194.0,12
"TAMAN BUKIT MUTIARA, MK. LABIS",LABIS,JOHOR,FREEHOLD,TERRACE HOUSE,344000.0,204.0,12
GEBENG RESIDENCE (P/L PT 25173),SUNGAI KARANG,PAHANG,LEASEHOLD,TERRACE HOUSE,238000.0,169.0,12
MEDAN LAPANGAN CYBER,IPOH,PERAK,LEASEHOLD,TERRACE HOUSE,434500.0,263.0,12
MEDAN LAPANGAN CYBER,IPOH,PERAK,LEASEHOLD,TOWN HOUSE,434500.0,263.0,12
TAMAN ALAMANDA,KUALA KANGSAR,PERAK,FREEHOLD,TERRACE HOUSE,269800.0,203.0,12
TAMAN SRI ANDALAS (P/L 1014),KLANG,SELANGOR,FREEHOLD,TERRACE HOUSE,620000.0,515.0,12
"LOT 5330, GURNEY",SITIAWAN,PERAK,FREEHOLD,SEMI D,628000.0,210.0,12
TAMAN PGBF FELDA PASOH 1,SIMPANG PERTANG,NEGERI SEMBILAN,LEASEHOLD,TERRACE HOUSE,90000.0,64.0,12
TAMAN SERI DAGANG 1,BANTING,SELANGOR,FREEHOLD,TERRACE HOUSE,390900.0,273.0,12
TAMAN BAYU PELANGI,SUNGAI LALANG,KEDAH,FREEHOLD,SEMI D,269800.0,188.0,12
TAMAN BAYU PELANGI,SUNGAI LALANG,KEDAH,FREEHOLD,TERRACE HOUSE,269800.0,188.0,12
VISTA IXORA,IPOH,PERAK,LEASEHOLD,TERRACE HOUSE,398380.0,296.0,12
LAMAN PERMATA,TEBRAU,JOHOR,FREEHOLD,TERRACE HOUSE,788800.0,563.0,12
LEX LIVING,IPOH,PERAK,FREEHOLD,TERRACE HOUSE,568880.0,323.0,12
TAMAN DESA TEKKAH SENTOSA,TAIPING,PERAK,LEASEHOLD,TERRACE HOUSE,468800.0,367.0,12
TAMAN MANGGIS JAYA,BANTING,SELANGOR,FREEHOLD,SEMI D,442500.0,270.0,12
TAMAN MANGGIS JAYA,BANTING,SELANGOR,FREEHOLD,TERRACE HOUSE,442500.0,270.0,12
TAMAN PENAGA,PENAGA,PENANG,FREEHOLD,SEMI D,237500.0,204.0,12
TAMAN PENAGA,PENAGA,PENANG,FREEHOLD,TERRACE HOUSE,237500.0,204.0,12
BANDAR BARU SUNGAI UDANG,SUNGAI UDANG,MELAKA,LEASEHOLD,TERRACE HOUSE,310000.0,193.0,12
TAMAN SRI RAMPAI,WANGSA MAJU,KUALA LUMPUR,FREEHOLD,TERRACE HOUSE,505000.0,566.0,12
R.P.R RANGAU,LIMBANG,SARAWAK,FREEHOLD,TERRACE HOUSE,80000.0,74.0,12
DESA ARA,SUNGAI ARA,PENANG,FREEHOLD,TERRACE HOUSE,815000.0,484.0,12
TAMAN BERSATU (GELONG),JITRA,KEDAH,FREEHOLD,TERRACE HOUSE,200000.0,185.0,12
TAMAN SONG CHOON,IPOH,PERAK,LEASEHOLD,TERRACE HOUSE,237500.0,190.0,12
TAMAN MUTIARA GADING (TR 277),BATU PAHAT,JOHOR,FREEHOLD,TERRACE HOUSE,495805.0,354.0,12
MERLIN GARDEN,KOTA SAMARAHAN,SARAWAK,LEASEHOLD,TERRACE HOUSE,571500.0,263.0,12
TAMAN PLENTONG BARU,MASAI,JOHOR,FREEHOLD,TERRACE HOUSE,295000.0,341.0,12
TAMAN KLEBANG BAYU,IPOH,PERAK,FREEHOLD,TERRACE HOUSE,380400.0,229.0,12
TAMAN KERUING,BATANG KALI,SELANGOR,LEASEHOLD,TERRACE HOUSE,300000.0,198.0,12
TAMAN KHAZANAH INDAH,LAHAD DATU,SABAH,LEASEHOLD,TERRACE HOUSE,250000.0,152.0,12
TAMAN SETIA RESIDEN,SITIAWAN,PERAK,FREEHOLD,SEMI D,499000.0,251.0,12
TAMAN SETIA RESIDEN,SITIAWAN,PERAK,FREEHOLD,TERRACE HOUSE,499000.0,251.0,12
TAMAN RIA FASA 1,PADANG SERAI,KEDAH,FREEHOLD,TERRACE HOUSE,262500.0,182.0,12
SUNGAI ISAP DAMAI,KUANTAN,PAHANG,LEASEHOLD,BUNGALOW,260000.0,65.0,12
SUNGAI ISAP DAMAI,KUANTAN,PAHANG,LEASEHOLD,SEMI D,260000.0,65.0,12
TAMAN ISKANDAR,JOHOR BAHRU,JOHOR,FREEHOLD,BUNGALOW,744000.0,257.0,12
TAMAN ISKANDAR,JOHOR BAHRU,JOHOR,FREEHOLD,SEMI D,744000.0,257.0,12
TAMAN ISKANDAR,JOHOR BAHRU,JOHOR,FREEHOLD,TERRACE HOUSE,744000.0,257.0,12
ALAMANDA PARKLAND,SERENDAH,SELANGOR,FREEHOLD,TERRACE HOUSE,475000.0,397.0,12
HORIZON RESIDENCE @ BUKIT INDAH,ISKANDAR PUTERI (NUSAJAYA),JOHOR,FREEHOLD,TERRACE HOUSE,850000.0,451.0,12
PER.SRI. MAHKOTA JAYA (T.WIRA JAYA),KUANTAN,PAHANG,FREEHOLD,TERRACE HOUSE,160000.0,229.0,12
TAMAN VISTA JAYA,PORT DICKSON,NEGERI SEMBILAN,LEASEHOLD,TERRACE HOUSE,175000.0,140.0,12
TAMAN MANJUNG POINT SEKSYEN 2(PL 12194),LUMUT,PERAK,FREEHOLD,SEMI D,300000.0,238.0,12
TAMAN MANJUNG POINT SEKSYEN 2(PL 12194),LUMUT,PERAK,FREEHOLD,TERRACE HOUSE,300000.0,238.0,12
KB JINJANG UTARA,JINJANG,KUALA LUMPUR,LEASEHOLD,BUNGALOW,675000.0,207.0,12
KB JINJANG UTARA,JINJANG,KUALA LUMPUR,LEASEHOLD,SEMI D,675000.0,207.0,12
"TAMAN LEKIR DAMAI, KAMPUNG KOH",SITIAWAN,PERAK,FREEHOLD,TERRACE HOUSE,279400.0,178.0,12
TAMAN KASAWARI,DURIAN TUNGGAL,MELAKA,FREEHOLD,TERRACE HOUSE,413000.0,244.0,12
TAMAN KASAWARI,DURIAN TUNGGAL,MELAKA,FREEHOLD,TOWN HOUSE,413000.0,244.0,12
TAMAN SRI JAYA (SUNGAI PELIK),SEPANG,SELANGOR,FREEHOLD,TERRACE HOUSE,598000.0,301.0,12
TAMAN SENDAYAN INDAH,BANDAR SRI SENDAYAN,NEGERI SEMBILAN,FREEHOLD,TERRACE HOUSE,271000.0,188.0,12
KAMPUNG MAK CHILI,KEMAMAN,TERENGGANU,FREEHOLD,BUNGALOW,330000.0,115.0,12
KAMPUNG MAK CHILI,KEMAMAN,TERENGGANU,FREEHOLD,SEMI D,330000.0,115.0,12
DESA SEJIJAK,KUCHING,SARAWAK,LEASEHOLD,TERRACE HOUSE,176050.0,166.0,12
SHAH ALAM UTAMA,SHAH ALAM,SELANGOR,LEASEHOLD,TERRACE HOUSE,1073250.0,560.0,12
TAMAN SRI BAHAGIA,CHERAS,SELANGOR,FREEHOLD,TERRACE HOUSE,561000.0,447.0,12
TAMAN MELAKA BARU,BATU BERENDAM,MELAKA,LEASEHOLD,TERRACE HOUSE,300000.0,202.0,12
TAMAN MERDEKA FASA 1D,BATU BERENDAM,MELAKA,LEASEHOLD,TERRACE HOUSE,275000.0,232.0,12
TAMAN SINAR MENTARI,BEDONG,KEDAH,FREEHOLD,TERRACE HOUSE,235000.0,149.0,12
TAMAN DELIMA,KLUANG,JOHOR,FREEHOLD,BUNGALOW,360000.0,153.0,12
TAMAN DELIMA,KLUANG,JOHOR,FREEHOLD,SEMI D,360000.0,153.0,12
TAMAN DELIMA,KLUANG,JOHOR,FREEHOLD,TERRACE HOUSE,360000.0,153.0,12
"TAMAN SRI MAS, BIDOR",BIDOR,PERAK,LEASEHOLD,TERRACE HOUSE,300000.0,194.0,12
TAMAN MURNI,BATU PAHAT,JOHOR,FREEHOLD,TERRACE HOUSE,327500.0,233.0,12
TAMAN SRI CENDEKIA (TAMAN CONNAUGHT),CHERAS,KUALA LUMPUR,LEASEHOLD,TERRACE HOUSE,705000.0,370.0,12
TAMAN DESA PAKATAN,IPOH,PERAK,LEASEHOLD,TERRACE HOUSE,188500.0,216.0,12
TAMAN TELUK GEDUNG INDAH,KLANG,SELANGOR,LEASEHOLD,TERRACE HOUSE,382500.0,286.0,12
TAMAN SRI SERDANG,KEPALA BATAS,PENANG,FREEHOLD,BUNGALOW,425000.0,236.0,12
TAMAN SRI SERDANG,KEPALA BATAS,PENANG,FREEHOLD,TERRACE HOUSE,425000.0,236.0,12
TAMAN GARING UTAMA,RAWANG,SELANGOR,LEASEHOLD,TERRACE HOUSE,350000.0,248.0,12
TAMAN SRI JAYA,BATU PAHAT,JOHOR,FREEHOLD,TERRACE HOUSE,301500.0,201.0,12
TAMAN BUKIT,BUKIT MERTAJAM,PENANG,FREEHOLD,SEMI D,620000.0,248.0,12
TAMAN SERI IMPIAN,BUKIT MERTAJAM,PENANG,FREEHOLD,TERRACE HOUSE,589000.0,405.0,12
TAMAN BUKIT PANCHOR,NIBONG TEBAL,PENANG,FREEHOLD,TERRACE HOUSE,374160.0,299.0,12
TAMAN CEMPAKA INDAH (PEC LOT 8029),TRIANG,PAHANG,FREEHOLD,TERRACE HOUSE,288000.0,139.0,12
TAMAN KOPERASI MUHIBBAH,KLUANG,JOHOR,FREEHOLD,TERRACE HOUSE,180000.0,182.0,12
TAMAN MERU MAKMUR,KAPAR,SELANGOR,FREEHOLD,SEMI D,543000.0,232.0,12
TAMAN MERU MAKMUR,KAPAR,SELANGOR,FREEHOLD,TERRACE HOUSE,543000.0,232.0,12
ECO SANCTUARY,TANJONG DUABELAS,SELANGOR,LEASEHOLD,BUNGALOW,2161500.0,590.0,12
ECO SANCTUARY,TANJONG DUABELAS,SELANGOR,LEASEHOLD,SEMI D,1838000.0,590.0,12
ECO SANCTUARY,TANJONG DUABELAS,SELANGOR,LEASEHOLD,TERRACE HOUSE,1526237.5,590.0,12
TAMAN BUKIT EMAS,SUNGEI PETAI,MELAKA,FREEHOLD,TERRACE HOUSE,252500.0,160.0,12
TAMAN BUKIT SERINDIT,MELAKA CITY,MELAKA,FREEHOLD,BUNGALOW,392500.0,219.0,12
TAMAN BUKIT SERINDIT,MELAKA CITY,MELAKA,FREEHOLD,SEMI D,392500.0,219.0,12
TAMAN RASAH JAYA I,RASAH,NEGERI SEMBILAN,FREEHOLD,TERRACE HOUSE,300000.0,202.0,12
TAMAN AMPANGAN,PAROI,NEGERI SEMBILAN,FREEHOLD,SEMI D,230000.0,145.0,12
TAMAN AMPANGAN,PAROI,NEGERI SEMBILAN,FREEHOLD,TERRACE HOUSE,230000.0,145.0,12
TAMAN ARKID,MENGLEMBU,PERAK,LEASEHOLD,TERRACE HOUSE,250000.0,239.0,12
TAMAN DESA,KLUANG,JOHOR,FREEHOLD,SEMI D,215000.0,167.0,12
TAMAN DESA,KLUANG,JOHOR,FREEHOLD,TERRACE HOUSE,215000.0,167.0,12
BANDAR BARU WANGSA MAJU,WANGSA MAJU,KUALA LUMPUR,LEASEHOLD,TERRACE HOUSE,840000.0,428.0,12
TAMAN PUTERI GUNUNG,SIMPANG AMPAT,PENANG,FREEHOLD,TERRACE HOUSE,275000.0,219.0,12
TAMAN SRI BAKRI III,MUAR,JOHOR,FREEHOLD,TERRACE HOUSE,394000.0,243.0,12
NUSAVILLA,ISKANDAR PUTERI (NUSAJAYA),JOHOR,FREEHOLD,TOWN HOUSE,500000.0,320.0,12
TAMAN PENAGA PERMAI,PENAGA,PENANG,FREEHOLD,SEMI D,350000.0,245.0,12
TAMAN PENAGA PERMAI,PENAGA,PENANG,FREEHOLD,TERRACE HOUSE,350000.0,245.0,12
TAMAN PENAGA PERMAI,PENAGA,PENANG,FREEHOLD,TOWN HOUSE,350000.0,245.0,12
TAMAN PUTRA,AMPANG,SELANGOR,LEASEHOLD,SEMI D,420000.0,507.0,12
TAMAN PUTRA,AMPANG,SELANGOR,LEASEHOLD,TERRACE HOUSE,420000.0,507.0,12
TAMAN BUKIT PASIR,BATU PAHAT,JOHOR,FREEHOLD,TERRACE HOUSE,300000.0,195.0,12
NADA 3 @ NADA ALAM,MANTIN,NEGERI SEMBILAN,FREEHOLD,TERRACE HOUSE,960000.0,464.0,12
TAMAN BERTEK,KLANG,SELANGOR,FREEHOLD,TERRACE HOUSE,866000.0,352.0,12
TAMAN BUKIT KAYA,BUKIT KEPAYANG,NEGERI SEMBILAN,FREEHOLD,TERRACE HOUSE,300000.0,151.0,12
TAMAN KOPERASI CUEPACS,CHERAS,SELANGOR,FREEHOLD,TERRACE HOUSE,390000.0,376.0,12
SEKSYEN 21-28 BANDAR KLANG,KLANG,SELANGOR,FREEHOLD,SEMI D,625000.0,347.0,12
SEKSYEN 21-28 BANDAR KLANG,KLANG,SELANGOR,FREEHOLD,TERRACE HOUSE,625000.0,347.0,12
TAMAN TELUK VILLA,PENAMPANG,SABAH,LEASEHOLD,TERRACE HOUSE,432500.0,256.0,12
TAMAN SEJATI INDAH FASA 3B,SUNGAI PETANI,KEDAH,FREEHOLD,TERRACE HOUSE,265000.0,204.0,12
TAMAN TAN SRI YAACOB,SKUDAI,JOHOR,FREEHOLD,TERRACE HOUSE,400000.0,495.0,12
TAMAN ASA JAYA,KAJANG,SELANGOR,FREEHOLD,TERRACE HOUSE,485000.0,389.0,12
TAMAN JUMBO,PENAMPANG,SABAH,LEASEHOLD,TERRACE HOUSE,350000.0,390.0,12
TAMAN SERI JAROMAS,JENJAROM,SELANGOR,FREEHOLD,SEMI D,790000.0,272.0,12
TAMAN SERI JAROMAS,JENJAROM,SELANGOR,FREEHOLD,TERRACE HOUSE,790000.0,272.0,12
SRI AWANA,SKUDAI,JOHOR,FREEHOLD,TOWN HOUSE,280000.0,274.0,12
DESA BAIDURI,AYER ITAM,PENANG,LEASEHOLD,FLAT,190000.0,309.0,12
CRYSTAL CREEK RESORT,TAIPING,PERAK,FREEHOLD,CONDOMINIUM,300000.0,220.0,12
TAMAN SRI CAHAYA,KUCHING,SARAWAK,LEASEHOLD,APARTMENT,65500.0,139.0,12
TAMAN SRI CAHAYA,KUCHING,SARAWAK,LEASEHOLD,FLAT,65500.0,139.0,12
APARTMENT SERI TELUKI,HULU SELANGOR,SELANGOR,FREEHOLD,FLAT,150000.0,192.0,12
MONT KIARA AMAN,MONT KIARA,KUALA LUMPUR,FREEHOLD,CONDOMINIUM,1475000.0,650.0,12
PLATINUM LAKE PV 12,SETAPAK,KUALA LUMPUR,LEASEHOLD,CONDOMINIUM,475000.0,381.0,12
IDAMAN LAVENDER 3,SUNGAI ARA,PENANG,FREEHOLD,APARTMENT,340000.0,452.0,12
PARADISO NUOVA (MERAK KAYANGAN),ISKANDAR PUTERI (NUSAJAYA),JOHOR,FREEHOLD,CONDOMINIUM,708000.0,485.0,12
GREEN AVENUE CONDOMINIUM,BUKIT JALIL,KUALA LUMPUR,FREEHOLD,CONDOMINIUM,452500.0,421.0,12
AZURIA CONDOMINIUM,TANJUNG BUNGAH,PENANG,FREEHOLD,CONDOMINIUM,289000.0,419.0,12
MUTIARA MAGNA,KEPONG,KUALA LUMPUR,LEASEHOLD,FLAT,220000.0,326.0,12
SEROJA,SETIA ALAM,SELANGOR,FREEHOLD,FLAT,200000.0,300.0,12
PANDAN RESIDENCE,TEBRAU,JOHOR,LEASEHOLD,SERVICE RESIDENCE,390000.0,423.0,12
PARKVIEW TOWERS,BUKIT JAMBUL,PENANG,LEASEHOLD,APARTMENT,370000.0,360.0,12
SURIA KINRARA,BANDAR KINRARA,SELANGOR,LEASEHOLD,SERVICE RESIDENCE,181500.0,255.0,12
28 BOULEVARD,AMPANG,SELANGOR,LEASEHOLD,SERVICE RESIDENCE,335000.0,675.0,12
BAYU TASIK 1,CHERAS,KUALA LUMPUR,LEASEHOLD,CONDOMINIUM,380000.0,420.0,12
TAMAN PANDAN CAHAYA,AMPANG,SELANGOR,LEASEHOLD,FLAT,170000.0,275.0,12
PALM COURT CONDOMINIUM,BRICKFIELDS,KUALA LUMPUR,LEASEHOLD,CONDOMINIUM,367500.0,388.0,12
PRESTIGE III,BALIK PULAU,PENANG,FREEHOLD,APARTMENT,192500.0,298.0,12
TAMAN LARKIN IDAMAN PLOT C,JOHOR BAHRU,JOHOR,LEASEHOLD,APARTMENT,265000.0,308.0,12
THE VYNE,SUNGAI BESI,KUALA LUMPUR,LEASEHOLD,CONDOMINIUM,467500.0,540.0,12
SIERRA EAST,RELAU,PENANG,FREEHOLD,CONDOMINIUM,786500.0,566.0,12
MENARA ORKID,SENTUL,KUALA LUMPUR,LEASEHOLD,APARTMENT,295000.0,347.0,12
PANGSAPURI PELANGI,GEORGETOWN,PENANG,LEASEHOLD,FLAT,245000.0,348.0,12
RIANA GREEN CONDOMINIUM,TROPICANA,SELANGOR,LEASEHOLD,CONDOMINIUM,495000.0,445.0,12
TAMAN SRI HARMONI,KUCHING,SARAWAK,LEASEHOLD,FLAT,66000.0,133.0,12
SUBANG AVENUE,SUBANG JAYA,SELANGOR,FREEHOLD,SERVICE RESIDENCE,470000.0,470.0,12
M CITY,AMPANG,KUALA LUMPUR,FREEHOLD,SERVICE RESIDENCE,530000.0,598.0,12
D'INSPIRE RESIDENCE (INSPIRA BESTARI),ISKANDAR PUTERI (NUSAJAYA),JOHOR,FREEHOLD,SERVICE RESIDENCE,446150.0,437.0,12
CENTRIO AVENUE,GELUGOR,PENANG,FREEHOLD,APARTMENT,330000.0,483.0,12
BUKIT SAUJANA,AYER ITAM,PENANG,FREEHOLD,FLAT,220000.0,319.0,12
BERJAYA TIMES SQUARE,BUKIT BINTANG,KUALA LUMPUR,FREEHOLD,SERVICE RESIDENCE,499600.0,805.0,12
PELANGI INDAH CONDOMINIUM,JALAN KUCHING,KUALA LUMPUR,FREEHOLD,CONDOMINIUM,295000.0,293.0,12
PALMVILLE RESORT CONDOMINIUM,BANDAR SUNWAY,SELANGOR,LEASEHOLD,CONDOMINIUM,692500.0,469.0,12
SD APARTMENTS II,BANDAR SRI DAMANSARA,SELANGOR,FREEHOLD,APARTMENT,340000.0,430.0,12
THE RUMA,KLCC,KUALA LUMPUR,FREEHOLD,SERVICE RESIDENCE,1341465.0,1563.0,12
GREENVIEW RESIDENCE,BANDAR SUNGAI LONG,SELANGOR,FREEHOLD,CONDOMINIUM,650000.0,479.0,12
THE REGINA,SUBANG JAYA,SELANGOR,LEASEHOLD,CONDOMINIUM,545000.0,446.0,12
TAMAN PERMATA,BUKIT MERTAJAM,PENANG,FREEHOLD,FLAT,75000.0,136.0,12
BEVERLY HILLS 5,KOTA KINABALU,SABAH,LEASEHOLD,APARTMENT,185000.0,402.0,12
FLAT DANAU KOTA,SETAPAK,KUALA LUMPUR,LEASEHOLD,FLAT,190000.0,271.0,12
PUTRA DAMAI,PUTRAJAYA,PUTRAJAYA,FREEHOLD,FLAT,250000.0,357.0,12
ANGGERIK APARTMENT,SERENDAH,SELANGOR,FREEHOLD,APARTMENT,130000.0,185.0,12
CYBER HEIGHTS VILLA,CYBERJAYA,SELANGOR,FREEHOLD,CONDOMINIUM,364315.0,284.0,12
STRAITS QUAY (THE SUITES AT WATERSIDE),TANJONG TOKONG,PENANG,FREEHOLD,SERVICE RESIDENCE,1130000.0,851.0,12
WISMA 2020,MUAR,JOHOR,FREEHOLD,APARTMENT,155000.0,220.0,12
KARISMA @ ECO MAJESTIC,SEMENYIH,SELANGOR,FREEHOLD,APARTMENT,262500.0,329.0,12
SENTUL UTAMA CONDOMINIUM,SENTUL,KUALA LUMPUR,LEASEHOLD,CONDOMINIUM,342500.0,385.0,12
D'CARLTON (RESIDENSI SERI MEGA),MASAI,JOHOR,FREEHOLD,SERVICE RESIDENCE,410000.0,414.0,12
VISTA INDAH PUTRA,KLANG,SELANGOR,FREEHOLD,APARTMENT,330000.0,336.0,12
PANGSAPURI CEMARA,CHERAS,KUALA LUMPUR,LEASEHOLD,APARTMENT,377500.0,512.0,12
PANGSAPURI SERI INAI,SERENDAH,SELANGOR,FREEHOLD,FLAT,132500.0,166.0,12
SUBANG PERDANA GOODYEAR COURT 6,SUBANG JAYA,SELANGOR,FREEHOLD,APARTMENT,282500.0,345.0,12
TUARAN IMPIAN,TUARAN,SABAH,LEASEHOLD,APARTMENT,195000.0,234.0,12
KL TRADERS SQUARE,SETAPAK,KUALA LUMPUR,FREEHOLD,SERVICE RESIDENCE,500000.0,533.0,12
MESAHILL,NILAI,NEGERI SEMBILAN,FREEHOLD,SERVICE RESIDENCE,260000.0,446.0,12
THE PEAK RESIDENCES,TANJONG TOKONG,PENANG,FREEHOLD,CONDOMINIUM,570000.0,544.0,12
TAMAN TELIPOK RIA FASA 1 & FASA 2,TUARAN,SABAH,LEASEHOLD,APARTMENT,160000.0,263.0,12
TAMAN GAMELAN INDAH,SUNGAI BAKAP,PENANG,FREEHOLD,SEMI D,408000.0,264.0,11
TAMAN GAMELAN INDAH,SUNGAI BAKAP,PENANG,FREEHOLD,TERRACE HOUSE,408000.0,264.0,11
TAMAN MERU 2B (FASA I-IV),IPOH,PERAK,LEASEHOLD,TERRACE HOUSE,280000.0,247.0,11
TAMAN TASEK MUTIARA,IPOH,PERAK,FREEHOLD,TERRACE HOUSE,370000.0,250.0,11
SEMENYIH PARKLANDS,BERANANG,SELANGOR,FREEHOLD,TERRACE HOUSE,465000.0,357.0,11
TAMAN MASTIARA,BATU CAVES,KUALA LUMPUR,LEASEHOLD,TERRACE HOUSE,590000.0,586.0,11
TAMAN PERWIRA,SIMPANG AMPAT,PENANG,FREEHOLD,TERRACE HOUSE,290000.0,248.0,11
GALENA VILLA @TAMAN BUKIT GALENA,SEREMBAN,NEGERI SEMBILAN,FREEHOLD,TERRACE HOUSE,568000.0,397.0,11
BANDAR JAYA,BINTULU,SARAWAK,LEASEHOLD,SEMI D,500000.0,250.0,11
BANDAR JAYA,BINTULU,SARAWAK,LEASEHOLD,TERRACE HOUSE,500000.0,250.0,11
RESIDENSI VILLA MUTIARA,SUNGAI BAKAP,PENANG,FREEHOLD,SEMI D,560000.0,345.0,11
RESIDENSI VILLA MUTIARA,SUNGAI BAKAP,PENANG,FREEHOLD,TERRACE HOUSE,560000.0,345.0,11
TAMAN AIR PUTIH PERMAI (PL 30779),TAIPING,PERAK,FREEHOLD,SEMI D,369900.0,128.0,11
TAMAN SEREMBAN 3,RASAH,NEGERI SEMBILAN,FREEHOLD,TERRACE HOUSE,390000.0,231.0,11
TAMAN PENGKALAN PRISMA,BATU GAJAH,PERAK,LEASEHOLD,TERRACE HOUSE,290000.0,168.0,11
TAMAN KIEN LEONG/KIM CHUAN,KLANG,SELANGOR,FREEHOLD,TERRACE HOUSE,500000.0,325.0,11
TAMAN MOSEY HILL,IPOH,PERAK,LEASEHOLD,TERRACE HOUSE,399880.0,211.0,11
TAMAN KURAU MURNI (BATU KURAU),BATU KURAU,PERAK,FREEHOLD,CLUSTER HOUSE,318800.0,177.0,11
TAMAN KURAU MURNI (BATU KURAU),BATU KURAU,PERAK,FREEHOLD,TERRACE HOUSE,318800.0,177.0,11
GARDEN CITY HOMES @ SEREMBAN 2,SEREMBAN 2,NEGERI SEMBILAN,FREEHOLD,SEMI D,755000.0,236.0,11
GARDEN CITY HOMES @ SEREMBAN 2,SEREMBAN 2,NEGERI SEMBILAN,FREEHOLD,TERRACE HOUSE,755000.0,236.0,11
PARK AVENUE @ SEREMBAN 2,SEREMBAN 2,NEGERI SEMBILAN,FREEHOLD,BUNGALOW,580000.0,207.0,11
PARK AVENUE @ SEREMBAN 2,SEREMBAN 2,NEGERI SEMBILAN,FREEHOLD,SEMI D,580000.0,207.0,11
PARK AVENUE @ SEREMBAN 2,SEREMBAN 2,NEGERI SEMBILAN,FREEHOLD,TERRACE HOUSE,580000.0,207.0,11
TAMAN RAIA PERDANA,GOPENG,PERAK,LEASEHOLD,TERRACE HOUSE,140000.0,117.0,11
TAMAN OREN,BUTTERWORTH,PENANG,FREEHOLD,TERRACE HOUSE,1230800.0,778.0,11
TAMAN CEMPAKA PERDANA,SENAWANG,NEGERI SEMBILAN,LEASEHOLD,TERRACE HOUSE,397083.0,244.0,11
RENDANG EXORA (PEC LOT 24818),PEKAN,PAHANG,FREEHOLD,TERRACE HOUSE,260000.0,186.0,11
TAMAN PERMAI 2,BUKIT KEPAYANG,NEGERI SEMBILAN,FREEHOLD,TERRACE HOUSE,260000.0,209.0,11
TAMAN JENGKA SEJAHTERA (PT 29246),CHENOR,PAHANG,LEASEHOLD,TERRACE HOUSE,243750.0,158.0,11
TAMAN PERDANA (CASA PERDANA),SIMPANG AMPAT,PENANG,FREEHOLD,SEMI D,575000.0,374.0,11
TAMAN PERDANA (CASA PERDANA),SIMPANG AMPAT,PENANG,FREEHOLD,TERRACE HOUSE,575000.0,374.0,11
TAMAN IMPIAN PUTRA,PORT DICKSON,NEGERI SEMBILAN,LEASEHOLD,SEMI D,375000.0,173.0,11
TAMAN IMPIAN PUTRA,PORT DICKSON,NEGERI SEMBILAN,LEASEHOLD,TERRACE HOUSE,375000.0,173.0,11
TAMAN PENGKALAN SURIA,IPOH,PERAK,LEASEHOLD,CLUSTER HOUSE,435240.0,182.0,11
TAMAN PENGKALAN SURIA,IPOH,PERAK,LEASEHOLD,SEMI D,435240.0,182.0,11
"TAMAN PESONA, SUNGAI SEGAMAT",SEGAMAT,JOHOR,FREEHOLD,TERRACE HOUSE,363500.0,190.0,11
TAMAN RIANG DIAWAN,KAMPAR,PERAK,LEASEHOLD,TERRACE HOUSE,239800.0,171.0,11
RESIDENSI BUKIT ORKID,ULU LANGAT,SELANGOR,FREEHOLD,SEMI D,1150000.0,760.0,11
RESIDENSI BUKIT ORKID,ULU LANGAT,SELANGOR,FREEHOLD,TERRACE HOUSE,1150000.0,760.0,11
T.VISTA @ BALOK PERMAI (P/L :15153),SUNGAI KARANG,PAHANG,LEASEHOLD,TERRACE HOUSE,340000.0,134.0,11
TAMAN DESA ANUGERAH,SEPANG,SELANGOR,LEASEHOLD,TERRACE HOUSE,381000.0,272.0,11
TAMAN GAMELAN,KUALA KEDAH,KEDAH,FREEHOLD,SEMI D,350260.0,148.0,11
TAMAN GAMELAN,KUALA KEDAH,KEDAH,FREEHOLD,TERRACE HOUSE,350260.0,148.0,11
TAMAN SERAI MERBAU,BAGAN SERAI,PERAK,FREEHOLD,SEMI D,317800.0,187.0,11
TAMAN SERAI MERBAU,BAGAN SERAI,PERAK,FREEHOLD,TERRACE HOUSE,317800.0,187.0,11
TAMAN MATANG MURNI (PL 13411 - 13412),SIMPANG,PERAK,FREEHOLD,TERRACE HOUSE,288000.0,187.0,11
TAMAN SERI AMPANG,IPOH,PERAK,LEASEHOLD,TERRACE HOUSE,280000.0,183.0,11
TAMAN MAJU JASIN,JASIN,MELAKA,LEASEHOLD,CLUSTER HOUSE,220000.0,144.0,11
TAMAN MAJU JASIN,JASIN,MELAKA,LEASEHOLD,TERRACE HOUSE,220000.0,144.0,11
SUNWAY CITY,TAMBUN,PERAK,LEASEHOLD,TERRACE HOUSE,608000.0,294.0,11
SUNWAY CITY,TAMBUN,PERAK,LEASEHOLD,TOWN HOUSE,608000.0,294.0,11
GLENMARIE COVE,KLANG,SELANGOR,FREEHOLD,SEMI D,1120000.0,334.0,11
TAMAN GEMILANG,KULAI,JOHOR,FREEHOLD,TERRACE HOUSE,488000.0,290.0,11
TAMAN AMALINA LESTARI,RAUB,PAHANG,LEASEHOLD,TERRACE HOUSE,200000.0,168.0,11
SANCTUARY GARDEN,BUKIT MERTAJAM,PENANG,FREEHOLD,SEMI D,860000.0,329.0,11
TAMAN PANDAN JAYA,AMPANG,SELANGOR,LEASEHOLD,TERRACE HOUSE,530000.0,500.0,11
TAMAN MEGAH,PONTIAN,JOHOR,FREEHOLD,SEMI D,366000.0,234.0,11
TAMAN MEGAH,PONTIAN,JOHOR,FREEHOLD,TERRACE HOUSE,366000.0,234.0,11
TAMAN ABADI HEIGHTS,PUCHONG,SELANGOR,LEASEHOLD,SEMI D,756000.0,538.0,11
TAMAN ABADI HEIGHTS,PUCHONG,SELANGOR,LEASEHOLD,TERRACE HOUSE,756000.0,538.0,11
TAMAN WAWASAN / BANDAR BARU MERSING,MERSING,JOHOR,FREEHOLD,TERRACE HOUSE,260000.0,214.0,11
TAMAN SRI SETIA,JOHOR BAHRU,JOHOR,FREEHOLD,SEMI D,738000.0,289.0,11
TAMAN SRI SETIA,JOHOR BAHRU,JOHOR,FREEHOLD,TERRACE HOUSE,738000.0,289.0,11
SETIA INDAH 11,SETIA ALAM,SELANGOR,FREEHOLD,TERRACE HOUSE,700000.0,507.0,11
TAMAN PARIT BAKAR INDAH-TR.149,MUAR,JOHOR,FREEHOLD,TERRACE HOUSE,498000.0,282.0,11
TAMAN VILLA MUTIARA INDAH,SUNGAI BAKAP,PENANG,FREEHOLD,SEMI D,670000.0,246.0,11
TAMAN VILLA MUTIARA INDAH,SUNGAI BAKAP,PENANG,FREEHOLD,TERRACE HOUSE,670000.0,246.0,11
TAMAN SUTERA WANGI,BATU BERENDAM,MELAKA,LEASEHOLD,TERRACE HOUSE,388000.0,250.0,11
TAMAN SERI BAYU 2,SUNGAI PETANI,KEDAH,FREEHOLD,TERRACE HOUSE,175000.0,155.0,11
SEKSYEN 19 SHAH ALAM,SHAH ALAM,SELANGOR,LEASEHOLD,TERRACE HOUSE,450000.0,321.0,11
"TAMAN DESA UTAMA, SUNGAI MERAB",DENGKIL,SELANGOR,FREEHOLD,TERRACE HOUSE,685000.0,393.0,11
TAMAN BATU GAJAH PERDANA,BATU GAJAH,PERAK,LEASEHOLD,TERRACE HOUSE,275000.0,151.0,11
TAMAN BACANG BARU,BACHANG,MELAKA,LEASEHOLD,TERRACE HOUSE,300000.0,219.0,11
TAMAN IMPIAN EHSAN,BALAKONG,SELANGOR,LEASEHOLD,TERRACE HOUSE,330000.0,322.0,11
TAMAN DUSUN SETIA,SEREMBAN,NEGERI SEMBILAN,FREEHOLD,TERRACE HOUSE,275000.0,238.0,11
HIJAYU 3B,BANDAR SRI SENDAYAN,NEGERI SEMBILAN,FREEHOLD,TERRACE HOUSE,580000.0,309.0,11
E-RESIDENCE,KUCHING,SARAWAK,LEASEHOLD,TERRACE HOUSE,600000.0,254.0,11
TAMAN IMPIAN ALMA,BUKIT MERTAJAM,PENANG,FREEHOLD,TERRACE HOUSE,400000.0,268.0,11
PALM WALK,BANDAR SUNGAI LONG,SELANGOR,FREEHOLD,TERRACE HOUSE,748000.0,508.0,11
TAMAN SPPK,IPOH,PERAK,LEASEHOLD,SEMI D,250000.0,146.0,11
TAMAN SPPK,IPOH,PERAK,LEASEHOLD,TERRACE HOUSE,250000.0,146.0,11
TAMAN SRI NANDING,ULU LANGAT,SELANGOR,LEASEHOLD,TERRACE HOUSE,280000.0,250.0,11
TAMAN RIMBA (PEC LOT 1135),MENTAKAB,PAHANG,FREEHOLD,TERRACE HOUSE,137000.0,186.0,11
TAMAN BUKIT RAMBAI (BARU),BUKIT RAMBAI,MELAKA,FREEHOLD,SEMI D,280000.0,182.0,11
TAMAN BUKIT RAMBAI (BARU),BUKIT RAMBAI,MELAKA,FREEHOLD,TERRACE HOUSE,280000.0,182.0,11
TAMAN SRI SEGAMBUT,SEGAMBUT,KUALA LUMPUR,LEASEHOLD,TERRACE HOUSE,650000.0,441.0,11
KAMPUNG TASIK TAMBAHAN,AMPANG,SELANGOR,LEASEHOLD,TERRACE HOUSE,420000.0,405.0,11
TAMAN BERTAM INDAH,KEPALA BATAS,PENANG,FREEHOLD,SEMI D,310000.0,215.0,11
TAMAN BERTAM INDAH,KEPALA BATAS,PENANG,FREEHOLD,TERRACE HOUSE,310000.0,215.0,11
SUBANG 2,SUNGAI BULOH,SELANGOR,LEASEHOLD,TERRACE HOUSE,575000.0,463.0,11
TAMAN SEKIAH MAKMUR,ULU BERNAM,PERAK,LEASEHOLD,TERRACE HOUSE,260000.0,179.0,11
RPR SUNGAI PLAN,BINTULU,SARAWAK,LEASEHOLD,TERRACE HOUSE,270000.0,196.0,11
TAMAN METRO PENGKALAN,BATU GAJAH,PERAK,LEASEHOLD,TERRACE HOUSE,260000.0,186.0,11
TAMAN BUKIT JURU,JURU,PENANG,FREEHOLD,TERRACE HOUSE,625000.0,375.0,11
TAMAN KULIM TECHNOCITY FASA 3,KULIM,KEDAH,FREEHOLD,TERRACE HOUSE,395000.0,318.0,11
TAMAN PUTRA INDAH,IPOH,PERAK,FREEHOLD,TERRACE HOUSE,240000.0,180.0,11
BANDAR SERI BOTANI,BATU GAJAH,PERAK,FREEHOLD,TERRACE HOUSE,825510.0,320.0,11
BANDAR PUNCAK SENA,POKOK SENA,KEDAH,FREEHOLD,TERRACE HOUSE,326800.0,267.0,11
TAMAN SRI REMBAU,REMBAU,NEGERI SEMBILAN,FREEHOLD,SEMI D,280000.0,128.0,11
TAMAN SRI REMBAU,REMBAU,NEGERI SEMBILAN,FREEHOLD,TERRACE HOUSE,280000.0,128.0,11
TAMAN GUNUNG MAS,TAMPIN,NEGERI SEMBILAN,FREEHOLD,TERRACE HOUSE,200000.0,159.0,11
TAMAN AMAN PUTRI,SUNGAI BULOH,SELANGOR,FREEHOLD,TERRACE HOUSE,872000.0,464.0,11
TAMAN DATO CHELLAM,ULU TIRAM,JOHOR,FREEHOLD,TERRACE HOUSE,630000.0,427.0,11
MUTIARA DAMANSARA,MUTIARA DAMANSARA,SELANGOR,FREEHOLD,BUNGALOW,1430000.0,858.0,11
MUTIARA DAMANSARA,MUTIARA DAMANSARA,SELANGOR,FREEHOLD,TERRACE HOUSE,1430000.0,858.0,11
TAMAN BIDARA PALMA,SUNGEI BARU TENGAH,MELAKA,FREEHOLD,TERRACE HOUSE,240000.0,118.0,11
TAMAN DAMAI IMPIAN 2,KUALA LIPIS,PAHANG,FREEHOLD,TERRACE HOUSE,289000.0,202.0,11
TAMAN INDUSTRI SRI SULONG,BATU PAHAT,JOHOR,FREEHOLD,SEMI D,235000.0,100.0,11
TAMAN INDUSTRI SRI SULONG,BATU PAHAT,JOHOR,FREEHOLD,TERRACE HOUSE,235000.0,100.0,11
TAMAN BUNGA RAYA,SUNGAI PETANI,KEDAH,FREEHOLD,SEMI D,230000.0,131.0,11
TAMAN BUNGA RAYA,SUNGAI PETANI,KEDAH,FREEHOLD,TERRACE HOUSE,230000.0,131.0,11
TAMAN RIMBA (PEC LOT 3021),MENTAKAB,PAHANG,FREEHOLD,TERRACE HOUSE,308000.0,185.0,11
TAMAN CEMPAKASARI,KAPAR,SELANGOR,LEASEHOLD,TERRACE HOUSE,360000.0,276.0,11
TAMAN NIRWANA,BUKIT MERTAJAM,PENANG,FREEHOLD,TERRACE HOUSE,350000.0,310.0,11
TAMAN KLEBANG PUTRA,CHEMOR,PERAK,FREEHOLD,TERRACE HOUSE,255000.0,190.0,11
TAMAN SETIA JAYA,BATU PAHAT,JOHOR,FREEHOLD,TERRACE HOUSE,380000.0,234.0,11
TAMAN ERA,SIMPANG RENGAM,JOHOR,FREEHOLD,TERRACE HOUSE,405900.0,231.0,11
TAMAN JUJUR,SIKAMAT,NEGERI SEMBILAN,FREEHOLD,CLUSTER HOUSE,143000.0,129.0,11
TAMAN IMPIAN INDAH,BUKIT MERTAJAM,PENANG,FREEHOLD,TERRACE HOUSE,375000.0,310.0,11
TAMAN MAWAR,TANJONG DUABELAS,SELANGOR,FREEHOLD,TERRACE HOUSE,390000.0,219.0,11
TAMAN BANDAR BARU SP (PKNK),SUNGAI PETANI,KEDAH,FREEHOLD,TERRACE HOUSE,200000.0,192.0,11
TAMAN IDAMAN,SIMPANG AMPAT,PENANG,FREEHOLD,SEMI D,495000.0,299.0,11
TAMAN IDAMAN,SIMPANG AMPAT,PENANG,FREEHOLD,TERRACE HOUSE,495000.0,299.0,11
TAMAN PUTERI,KUCHING,SARAWAK,LEASEHOLD,TERRACE HOUSE,400000.0,179.0,11
TAMAN SKUDAI INDAH,SKUDAI,JOHOR,FREEHOLD,CLUSTER HOUSE,650000.0,426.0,11
TAMAN SKUDAI INDAH,SKUDAI,JOHOR,FREEHOLD,TERRACE HOUSE,650000.0,426.0,11
TAMAN PULAI BAYU,SKUDAI,JOHOR,FREEHOLD,CLUSTER HOUSE,900000.0,264.0,11
TAMAN PULAI BAYU,SKUDAI,JOHOR,FREEHOLD,SEMI D,900000.0,264.0,11
USJ 20,SUBANG JAYA,SELANGOR,FREEHOLD,TERRACE HOUSE,915000.0,515.0,11
TAMAN PIASAU,MIRI,SARAWAK,LEASEHOLD,BUNGALOW,680000.0,114.0,11
TAMAN INTAN BAIDURI,BATU CAVES,KUALA LUMPUR,LEASEHOLD,TERRACE HOUSE,820000.0,442.0,11
TAMAN AIRPORT,SANDAKAN,SABAH,LEASEHOLD,TERRACE HOUSE,400000.0,322.0,11
TAMAN PULAI FLORA,SKUDAI,JOHOR,FREEHOLD,CLUSTER HOUSE,600000.0,357.0,11
TAMAN PULAI FLORA,SKUDAI,JOHOR,FREEHOLD,TERRACE HOUSE,600000.0,357.0,11
TAMAN SENTORIA,KOTA SAMARAHAN,SARAWAK,FREEHOLD,TERRACE HOUSE,320000.0,248.0,11
SEKSYEN 5 BANDAR BARU BANGI,BANGI,SELANGOR,LEASEHOLD,TERRACE HOUSE,360000.0,360.0,11
TAMAN LAKE VIEW,TAIPING,PERAK,FREEHOLD,SEMI D,405000.0,193.0,11
TAMAN LAKE VIEW,TAIPING,PERAK,FREEHOLD,TERRACE HOUSE,405000.0,193.0,11
SEKSYEN 15 BANDAR BARU BANGI,BANGI,SELANGOR,LEASEHOLD,TERRACE HOUSE,550000.0,406.0,11
TAYNTON VIEW,CHERAS,KUALA LUMPUR,FREEHOLD,TERRACE HOUSE,625000.0,362.0,11
TAMAN DESA CEMERLANG,BATU PAHAT,JOHOR,FREEHOLD,TERRACE HOUSE,439800.0,260.0,11
TAMAN PUTERA INDAH,MUAR,JOHOR,FREEHOLD,SEMI D,560000.0,259.0,11
TAMAN PUTERA INDAH,MUAR,JOHOR,FREEHOLD,TERRACE HOUSE,560000.0,259.0,11
BANDAR PULAI JAYA,SIMPANG PULAI,PERAK,LEASEHOLD,TERRACE HOUSE,310000.0,220.0,11
MUTIARA RESIDENCE,JITRA,KEDAH,FREEHOLD,SEMI D,410400.0,267.0,11
MUTIARA RESIDENCE,JITRA,KEDAH,FREEHOLD,TERRACE HOUSE,410400.0,267.0,11
TAMAN BUKIT MELAKA,BUKIT BARU,MELAKA,FREEHOLD,TERRACE HOUSE,438000.0,227.0,11
TAMAN PAHLAWAN,TELOK PANGLIMA GARANG,SELANGOR,FREEHOLD,SEMI D,365000.0,277.0,11
TAMAN PAHLAWAN,TELOK PANGLIMA GARANG,SELANGOR,FREEHOLD,TERRACE HOUSE,365000.0,277.0,11
TAMAN SAGA,SENAI,JOHOR,FREEHOLD,TERRACE HOUSE,270000.0,259.0,11
TAMAN ANGGERIK,TAMPOI,JOHOR,FREEHOLD,TERRACE HOUSE,335000.0,357.0,11
TAMAN DESA IDAMAN,DURIAN TUNGGAL,MELAKA,FREEHOLD,TERRACE HOUSE,320000.0,188.0,11
TAMAN BANANG HEIGHTS,BATU PAHAT,JOHOR,FREEHOLD,TERRACE HOUSE,410000.0,254.0,11
DIAMOND RESIDENCE,SEMENYIH,SELANGOR,FREEHOLD,SEMI D,675000.0,366.0,11
DIAMOND RESIDENCE,SEMENYIH,SELANGOR,FREEHOLD,TERRACE HOUSE,675000.0,366.0,11
TAMAN KERIAN INDAH,PARIT BUNTAR,PERAK,FREEHOLD,TERRACE HOUSE,498800.0,357.0,11
TAMAN SRI LALANG,KOTA TINGGI,JOHOR,FREEHOLD,TERRACE HOUSE,340000.0,167.0,11
TAMAN TASEK,JOHOR BAHRU,JOHOR,FREEHOLD,SEMI D,615000.0,250.0,11
TAMAN TASEK,JOHOR BAHRU,JOHOR,FREEHOLD,TERRACE HOUSE,615000.0,250.0,11
TAMAN SEROJA,SEPANG,SELANGOR,LEASEHOLD,TERRACE HOUSE,400000.0,156.0,11
BANDAR SERI EHSAN,TANJONG DUABELAS,SELANGOR,LEASEHOLD,TERRACE HOUSE,300000.0,209.0,11
TAMAN JELITA BLOK 30,MIRI,SARAWAK,LEASEHOLD,TERRACE HOUSE,180000.0,179.0,11
TAMAN PERWIRA INDAH,SIMPANG AMPAT,PENANG,FREEHOLD,TERRACE HOUSE,440000.0,338.0,11
KINGFISHER PARK PH2,KOTA KINABALU,SABAH,LEASEHOLD,SEMI D,950000.0,256.0,11
KINGFISHER PARK PH2,KOTA KINABALU,SABAH,LEASEHOLD,TERRACE HOUSE,950000.0,256.0,11
TAMAN DAYA - JALAN NIBONG 28,TEBRAU,JOHOR,FREEHOLD,FLAT,150000.0,263.0,11
PKNS SEKSYEN 24,SHAH ALAM,SELANGOR,LEASEHOLD,FLAT,212000.0,292.0,11
TAMAN MAWAR,SANDAKAN,SABAH,LEASEHOLD,FLAT,125000.0,228.0,11
UTAMA @ UTROPOLIS,BATU KAWAN,PENANG,FREEHOLD,SERVICE RESIDENCE,320000.0,628.0,11
ANGGERIK VILLA 2,KAJANG,SELANGOR,FREEHOLD,APARTMENT,220000.0,198.0,11
MIHARJA (LRT MALURI),CHERAS,KUALA LUMPUR,LEASEHOLD,FLAT,245000.0,305.0,11
PETRIE CONDOMINIUM,JOHOR BAHRU,JOHOR,FREEHOLD,CONDOMINIUM,499000.0,279.0,11
USJ ONE AVENUE CONDO,SUBANG JAYA,SELANGOR,LEASEHOLD,CONDOMINIUM,500000.0,372.0,11
SRI CEMPAKA,PUCHONG,SELANGOR,FREEHOLD,APARTMENT,380000.0,471.0,11
ISKANDAR RESIDENCES,ISKANDAR PUTERI (NUSAJAYA),JOHOR,FREEHOLD,CONDOMINIUM,873000.0,601.0,11
D'RICH EXECUTIVE SUITES,ISKANDAR PUTERI (NUSAJAYA),JOHOR,FREEHOLD,APARTMENT,400000.0,418.0,11
SRI IMPIAN APARTMENT,AYER ITAM,PENANG,LEASEHOLD,APARTMENT,278000.0,392.0,11
SRI ALAM CONDOMINIUM,SHAH ALAM,SELANGOR,LEASEHOLD,CONDOMINIUM,450000.0,324.0,11
TAMAN LONE PINE (MEDIUM LOW COST),AYER ITAM,PENANG,FREEHOLD,APARTMENT,250000.0,436.0,11
DE TROPICANA,KUCHAI LAMA,KUALA LUMPUR,LEASEHOLD,CONDOMINIUM,280000.0,287.0,11
TAMAN LEMBAH MAJU,AMPANG,SELANGOR,LEASEHOLD,APARTMENT,158000.0,195.0,11
ABADI VILLA,TAMAN DESA,KUALA LUMPUR,LEASEHOLD,CONDOMINIUM,450000.0,370.0,11
CHERAS RIA,CHERAS,KUALA LUMPUR,FREEHOLD,FLAT,138000.0,242.0,11
BANDAR BARU AMPANG,AMPANG,SELANGOR,LEASEHOLD,FLAT,139900.0,243.0,11
VILLA BESTARI APARTMENT,ISKANDAR PUTERI (NUSAJAYA),JOHOR,FREEHOLD,APARTMENT,380000.0,327.0,11
7 TREE SEVEN RESIDENCE,CHERAS,SELANGOR,FREEHOLD,CONDOMINIUM,400000.0,403.0,11
SUNWAY COURT,BANDAR SUNWAY,SELANGOR,LEASEHOLD,APARTMENT,380000.0,392.0,11
SKUDAI VILLA,SKUDAI,JOHOR,FREEHOLD,CONDOMINIUM,370000.0,334.0,11
18 MADGE,AMPANG HILIR,KUALA LUMPUR,FREEHOLD,CONDOMINIUM,1620000.0,1128.0,11
KOI TROPIKA,PUCHONG,SELANGOR,LEASEHOLD,SERVICE RESIDENCE,470000.0,459.0,11
RIA 2 APARTMENT,MASAI,JOHOR,FREEHOLD,APARTMENT,210000.0,260.0,11
AMAN PURI APARTMENT,KEPONG,SELANGOR,FREEHOLD,APARTMENT,320000.0,353.0,11
CASA RIA,CHERAS,KUALA LUMPUR,LEASEHOLD,CONDOMINIUM,400000.0,392.0,11
DESA VILLA CONDOMINIUM,TAMAN DESA,KUALA LUMPUR,FREEHOLD,CONDOMINIUM,485000.0,417.0,11
PAUH DAMAI,BUKIT MERTAJAM,PENANG,FREEHOLD,FLAT,200000.0,315.0,11
ZENNITH SUITES (PANGSAPURI KEBUN TEH),JOHOR BAHRU,JOHOR,LEASEHOLD,APARTMENT,225000.0,488.0,11
HILLVIEW LOFT,BATU PAHAT,JOHOR,FREEHOLD,CONDOMINIUM,320000.0,303.0,11
PRAI INAI,PERAI,PENANG,FREEHOLD,APARTMENT,280000.0,314.0,11
LE YUAN RESIDENCE,JALAN KLANG LAMA (OLD KLANG ROAD),KUALA LUMPUR,FREEHOLD,CONDOMINIUM,840000.0,541.0,11
DESA SRI PUTERI,DESA PETALING,KUALA LUMPUR,LEASEHOLD,FLAT,130000.0,216.0,11
THE OVAL,KLCC,KUALA LUMPUR,FREEHOLD,SERVICE RESIDENCE,1341465.0,1038.0,11
THE WESTSIDE ONE,DESA PARKCITY,KUALA LUMPUR,FREEHOLD,CONDOMINIUM,1380000.0,787.0,11
TAMAN AIR ITAM,AYER ITAM,PENANG,FREEHOLD,FLAT,270000.0,402.0,11
GEMILANG INDAH,JALAN KLANG LAMA (OLD KLANG ROAD),KUALA LUMPUR,FREEHOLD,CONDOMINIUM,265000.0,314.0,11
P' RESIDENCE,KUCHING,SARAWAK,LEASEHOLD,CONDOMINIUM,470000.0,408.0,11
ANJALI NORTH KIARA,SEGAMBUT,KUALA LUMPUR,FREEHOLD,CONDOMINIUM,1050000.0,619.0,11
LILY & JASMINE APARTMENT,TAMPOI,JOHOR,LEASEHOLD,APARTMENT,285000.0,285.0,11
APARTMENT HARMONI,DAMANSARA DAMAI,SELANGOR,LEASEHOLD,FLAT,133000.0,205.0,11
THE PLACE @ CYBERJAYA,CYBERJAYA,SELANGOR,FREEHOLD,SERVICE RESIDENCE,170000.0,304.0,11
MAWAR APARTMENT,GENTING HIGHLANDS,PAHANG,FREEHOLD,APARTMENT,550000.0,650.0,11
MOLEK PINE 1,JOHOR BAHRU,JOHOR,FREEHOLD,APARTMENT,520000.0,358.0,11
KETUMBAR HILL,CHERAS,KUALA LUMPUR,FREEHOLD,CONDOMINIUM,350000.0,367.0,11
APARTMENT SERI BAKAWALI,SERENDAH,SELANGOR,FREEHOLD,APARTMENT,36000.0,54.0,11
GLORY BEACH RESORT,PORT DICKSON,NEGERI SEMBILAN,FREEHOLD,CONDOMINIUM,300000.0,321.0,11
TAMAN BUKIT ERSKINE,TANJONG TOKONG,PENANG,FREEHOLD,APARTMENT,268000.0,410.0,11
BAYU VILLA,KLANG,SELANGOR,FREEHOLD,APARTMENT,300000.0,346.0,11
WARISAN CITY VIEW,CHERAS,KUALA LUMPUR,LEASEHOLD,CONDOMINIUM,410000.0,451.0,11
STULANG LAUT,JOHOR BAHRU,JOHOR,LEASEHOLD,FLAT,200000.0,264.0,11
HOLIDAY PLACE (D-VILLA RESIDENCE),AMPANG,KUALA LUMPUR,FREEHOLD,SERVICE RESIDENCE,400000.0,431.0,11
D'PIAZZA,BAYAN BARU,PENANG,FREEHOLD,CONDOMINIUM,485000.0,518.0,11
SWISS GARDEN RESIDENCES,BUKIT BINTANG,KUALA LUMPUR,FREEHOLD,SERVICE RESIDENCE,510000.0,902.0,11
NAUTICA LAKE SUITES,BANDAR SUNWAY,SELANGOR,LEASEHOLD,CONDOMINIUM,830000.0,520.0,11
PROMINENCE,BUKIT MERTAJAM,PENANG,FREEHOLD,CONDOMINIUM,470000.0,370.0,11
PRISMA CHERAS,CHERAS,KUALA LUMPUR,FREEHOLD,CONDOMINIUM,426000.0,362.0,11
THE GRAND SUBANG JAYA SS13,SUBANG JAYA,SELANGOR,FREEHOLD,SERVICE RESIDENCE,455000.0,880.0,11
VISTA BAYU,KLANG,SELANGOR,FREEHOLD,APARTMENT,300000.0,280.0,11
PUSAT KOMERSIAL SEKSYEN 7,SHAH ALAM,SELANGOR,LEASEHOLD,FLAT,300000.0,376.0,11
BISTARI LAVENDER CONDOMINIUM,CITY CENTRE,KUALA LUMPUR,FREEHOLD,CONDOMINIUM,460000.0,417.0,11
THE WADIHANA,JOHOR BAHRU,JOHOR,FREEHOLD,CONDOMINIUM,528000.0,302.0,11
BATU CAVES CENTERPOINT,BATU CAVES,SELANGOR,FREEHOLD,FLAT,170000.0,253.0,11
SUN MOON CITY,AYER ITAM,PENANG,FREEHOLD,FLAT,138000.0,232.0,11
SRI LEMPAH,TAMAN DESA,KUALA LUMPUR,LEASEHOLD,FLAT,197000.0,353.0,11
FAIRWAY SUITES,ISKANDAR PUTERI (NUSAJAYA),JOHOR,FREEHOLD,CONDOMINIUM,465000.0,455.0,11
THE RIVIERA,AMPANG,SELANGOR,LEASEHOLD,APARTMENT,210000.0,224.0,11
TIFFANI KIARA,MONT KIARA,KUALA LUMPUR,FREEHOLD,CONDOMINIUM,1120000.0,561.0,11
ALPINE VILLAGE,TAMBUN,PERAK,LEASEHOLD,APARTMENT,250000.0,287.0,11
TUN PERAK,MELAKA CITY,MELAKA,LEASEHOLD,APARTMENT,478000.0,440.0,11
GENTING PERMAI RESORT,BENTONG,PAHANG,FREEHOLD,APARTMENT,210000.0,298.0,11
CASA DESA,TAMAN DESA,KUALA LUMPUR,FREEHOLD,CONDOMINIUM,540000.0,442.0,11
TAMAN MERAK JAYA,SIMPANG AMPAT,PENANG,FREEHOLD,FLAT,100000.0,186.0,11
PAVILION RESIDENCES,BUKIT BINTANG,KUALA LUMPUR,LEASEHOLD,SERVICE RESIDENCE,1341465.0,1515.0,11
SKYVILLA RESIDENCES,KUCHING,SARAWAK,LEASEHOLD,CONDOMINIUM,450000.0,400.0,11
BIRCHWOOD COURT,RAWANG,SELANGOR,LEASEHOLD,FLAT,165000.0,207.0,11
MJC COURTYARD SANCTUARY,KUCHING,SARAWAK,LEASEHOLD,APARTMENT,295000.0,345.0,11
TAMAN ORKID,CHERAS,SELANGOR,FREEHOLD,FLAT,165000.0,218.0,11
CEMPAKA,SERENDAH,SELANGOR,LEASEHOLD,APARTMENT,85000.0,117.0,11
TAMAN INDERAWASIH,PERAI,PENANG,FREEHOLD,FLAT,70000.0,133.0,11
TREE SPARINA,BAYAN LEPAS,PENANG,FREEHOLD,CONDOMINIUM,639700.0,527.0,11
GARDEN PLAZA,CYBERJAYA,SELANGOR,FREEHOLD,SERVICE RESIDENCE,210000.0,415.0,11
WIDURI APARTMENT,BUTTERWORTH,PENANG,FREEHOLD,APARTMENT,220000.0,294.0,11
IMPIAN SENTOSA,KLANG,SELANGOR,FREEHOLD,APARTMENT,300000.0,398.0,11
THE RAINZ,BUKIT JALIL,KUALA LUMPUR,FREEHOLD,CONDOMINIUM,950000.0,621.0,11
PERTIWI INDAH,CHERAS,KUALA LUMPUR,LEASEHOLD,CONDOMINIUM,450000.0,371.0,11
MAHSURI SQUARE,BAYAN BARU,PENANG,LEASEHOLD,CONDOMINIUM,498000.0,476.0,11
HALAMAN KENANGA,SUNGAI DUA,PENANG,LEASEHOLD,APARTMENT,250000.0,375.0,11
GRANDEUR TOWER,AMPANG,SELANGOR,LEASEHOLD,APARTMENT,305000.0,322.0,11
FRINZA COURT,JOHOR BAHRU,JOHOR,FREEHOLD,APARTMENT,350000.0,260.0,11
PUNCAK SERI KELANA,ARA DAMANSARA,SELANGOR,LEASEHOLD,CONDOMINIUM,420000.0,400.0,11
CONCERTO NORTH KIARA,DUTAMAS,KUALA LUMPUR,FREEHOLD,CONDOMINIUM,1620000.0,913.0,11
SURIA @ HIJAU E-KOMUNITI,BATU KAWAN,PENANG,LEASEHOLD,APARTMENT,330000.0,333.0,11
TAMAN DESA CHERAS,CHERAS,KUALA LUMPUR,FREEHOLD,FLAT,110000.0,165.0,11
MUTIARA VILLE,CYBERJAYA,SELANGOR,FREEHOLD,SERVICE RESIDENCE,400000.0,400.0,11
ASCENDA RESIDENCE @ SKYARENA,SETAPAK,KUALA LUMPUR,LEASEHOLD,CONDOMINIUM,493000.0,455.0,11
HANN'S RESIDENCE,SIBU,SARAWAK,LEASEHOLD,APARTMENT,450000.0,593.0,11
MENARA AVENUE (MENARA PROMENADE),KLCC,KUALA LUMPUR,FREEHOLD,CONDOMINIUM,430000.0,459.0,11
PARAMOUNT UTROPOLIS,GLENMARIE,SELANGOR,FREEHOLD,SERVICE RESIDENCE,560000.0,708.0,11
PANGSAPURI CEMPAKA,PUCHONG,SELANGOR,FREEHOLD,FLAT,162500.0,250.0,11
TAMAN DAYA - JALAN SAGU 34,TEBRAU,JOHOR,FREEHOLD,FLAT,150000.0,228.0,11
BANDAR SUNWAY SEMENYIH,SEMENYIH,SELANGOR,FREEHOLD,TERRACE HOUSE,561000.0,277.0,10
TAMAN MERANTI JAYA,PUCHONG,SELANGOR,FREEHOLD,TERRACE HOUSE,1075000.0,475.0,10
TAMAN CEMPAKA INDAH,TELOI KIRI,KEDAH,FREEHOLD,SEMI D,195000.0,122.0,10
TAMAN CEMPAKA INDAH,TELOI KIRI,KEDAH,FREEHOLD,TERRACE HOUSE,195000.0,122.0,10
TAMAN SRI HARTAMAS,SRI HARTAMAS,KUALA LUMPUR,FREEHOLD,TERRACE HOUSE,1526237.5,866.0,10
TAMAN KASA HEIGHTS,ALOR GAJAH,MELAKA,FREEHOLD,CLUSTER HOUSE,205000.0,173.0,10
TAMAN KASA HEIGHTS,ALOR GAJAH,MELAKA,FREEHOLD,TERRACE HOUSE,205000.0,173.0,10
TAMAN KASA HEIGHTS,ALOR GAJAH,MELAKA,FREEHOLD,TOWN HOUSE,205000.0,173.0,10
RPA BEMBAN II,BATU GAJAH,PERAK,LEASEHOLD,TERRACE HOUSE,97500.0,77.0,10
TAMAN BIDARA,BUKIT MERTAJAM,PENANG,FREEHOLD,TERRACE HOUSE,279000.0,282.0,10
TAMAN SERI PAYA RUMPUT,SUNGEI BARU TENGAH,MELAKA,FREEHOLD,TERRACE HOUSE,260000.0,174.0,10
SUBANG BESTARI,SHAH ALAM,SELANGOR,LEASEHOLD,SEMI D,690000.0,414.0,10
SUBANG BESTARI,SHAH ALAM,SELANGOR,LEASEHOLD,TERRACE HOUSE,690000.0,414.0,10
TAMAN KOTA SARANG SEMUT,KOTA SARANG SEMUT,KEDAH,FREEHOLD,TERRACE HOUSE,225000.0,173.0,10
TAMAN IMPIAN PUTRA,BANGI,SELANGOR,LEASEHOLD,TERRACE HOUSE,440000.0,365.0,10
DESA PANTAI INDAH,TELUK KUMBAR,PENANG,FREEHOLD,TERRACE HOUSE,750000.0,536.0,10
TAMAN SERI KERAMAT,ULU KLANG,SELANGOR,LEASEHOLD,TERRACE HOUSE,640000.0,359.0,10
TAMAN SERING UKAY,ULU KLANG,SELANGOR,FREEHOLD,TERRACE HOUSE,1260000.0,611.0,10
TAMAN MANIS,BATU PAHAT,JOHOR,FREEHOLD,SEMI D,220000.0,194.0,10
TAMAN MANIS,BATU PAHAT,JOHOR,FREEHOLD,TERRACE HOUSE,220000.0,194.0,10
TAMAN TAN YEW LAI,JALAN KLANG LAMA (OLD KLANG ROAD),KUALA LUMPUR,FREEHOLD,TERRACE HOUSE,575000.0,417.0,10
TAMAN KERAMAT PERMAI,ULU KLANG,SELANGOR,LEASEHOLD,TERRACE HOUSE,600000.0,452.0,10
BANDAR NUSA RHU,SHAH ALAM,SELANGOR,LEASEHOLD,BUNGALOW,591500.0,400.0,10
BANDAR NUSA RHU,SHAH ALAM,SELANGOR,LEASEHOLD,TERRACE HOUSE,591500.0,400.0,10
SS4 PETALING JAYA,PETALING JAYA,SELANGOR,FREEHOLD,SEMI D,842500.0,472.0,10
SS4 PETALING JAYA,PETALING JAYA,SELANGOR,FREEHOLD,TERRACE HOUSE,842500.0,472.0,10
TAMAN LANGAT UTAMA 2,TANJONG DUABELAS,SELANGOR,LEASEHOLD,TERRACE HOUSE,435000.0,244.0,10
TAMAN CAHAYA KRISTAL II,BANDAR BAHARU,KEDAH,FREEHOLD,SEMI D,438488.0,152.0,10
TAMAN SEMANTAN INDAH,MENTAKAB,PAHANG,FREEHOLD,TERRACE HOUSE,257500.0,146.0,10
BANDAR SEJAHTERA FASA 3,POKOK SENA,KEDAH,FREEHOLD,CLUSTER HOUSE,408900.0,156.0,10
BANDAR SEJAHTERA FASA 3,POKOK SENA,KEDAH,FREEHOLD,TERRACE HOUSE,408900.0,156.0,10
TAMAN SCIENTEX UTAMA,KULAI,JOHOR,FREEHOLD,TERRACE HOUSE,500000.0,426.0,10
TAMAN PAHLAWAN 2,GEMAS,NEGERI SEMBILAN,FREEHOLD,TERRACE HOUSE,350000.0,246.0,10
TAMAN SERI SEMENTA,KAPAR,SELANGOR,LEASEHOLD,TERRACE HOUSE,332500.0,246.0,10
"TAMAN OSCAR, SUNGAI BESAR",SUNGAI BESAR,SELANGOR,LEASEHOLD,TERRACE HOUSE,343440.0,147.0,10
TAMAN PADANG TEMU PERMATA,MELAKA CITY,MELAKA,FREEHOLD,SEMI D,250000.0,147.0,10
TAMAN PADANG TEMU PERMATA,MELAKA CITY,MELAKA,FREEHOLD,TERRACE HOUSE,250000.0,147.0,10
TAMAN MENGKUANG JAYA,BUKIT MERTAJAM,PENANG,FREEHOLD,SEMI D,512500.0,348.0,10
TAMAN MENGKUANG JAYA,BUKIT MERTAJAM,PENANG,FREEHOLD,TERRACE HOUSE,512500.0,348.0,10
TAMAN KULIM SQUARE,LUNAS,KEDAH,FREEHOLD,SEMI D,445000.0,270.0,10
"TAMAN MESRA, OFF JALAN SUNGAI JATI",KLANG,SELANGOR,FREEHOLD,SEMI D,506100.0,349.0,10
"TAMAN MESRA, OFF JALAN SUNGAI JATI",KLANG,SELANGOR,FREEHOLD,TERRACE HOUSE,506100.0,349.0,10
TAMAN WANGSA INDAH,BATU PAHAT,JOHOR,FREEHOLD,SEMI D,646076.0,311.0,10
TAMAN WANGSA INDAH,BATU PAHAT,JOHOR,FREEHOLD,TERRACE HOUSE,646076.0,311.0,10
TAMAN MEGA RIA 2,TANGKAK,JOHOR,FREEHOLD,TERRACE HOUSE,100000.0,104.0,10
TAMAN NESA DELIMA,RANTAU,NEGERI SEMBILAN,FREEHOLD,SEMI D,401531.0,143.0,10
TAMAN SERI ROTAN,KUALA KEDAH,KEDAH,FREEHOLD,SEMI D,379505.0,147.0,10
SAMARIANG AMAN,KUCHING,SARAWAK,LEASEHOLD,TERRACE HOUSE,372500.0,198.0,10
TAMAN PGBF HARMONI PASIR BESAR,GEMAS,NEGERI SEMBILAN,LEASEHOLD,TERRACE HOUSE,90000.0,64.0,10
RESIDENSI EMERALD DAMAI (EMERALD HILLS),CHERAS,KUALA LUMPUR,FREEHOLD,TERRACE HOUSE,1526237.5,960.0,10
P/L : 2195 (PT24541-PT24570),SUNGAI KARANG,PAHANG,FREEHOLD,SEMI D,380000.0,121.0,10
P/L 3487(LABU),SEPANG,SELANGOR,LEASEHOLD,TERRACE HOUSE,395000.0,211.0,10
TAMAN RAMAL KLASIK,KAJANG,SELANGOR,FREEHOLD,TERRACE HOUSE,752400.0,561.0,10
IDAMAN GRAND RESIDENCE/SENTOSA IDAMAN,KLANG,SELANGOR,FREEHOLD,TERRACE HOUSE,1205000.0,532.0,10
TAMAN MH PERMATANG BADAK FASA 6 (P/L30398),KUANTAN,PAHANG,FREEHOLD,SEMI D,289000.0,184.0,10
TAMAN MH PERMATANG BADAK FASA 6 (P/L30398),KUANTAN,PAHANG,FREEHOLD,TERRACE HOUSE,289000.0,184.0,10
TAMAN MUHIBAH FASA 16,MERLIMAU,MELAKA,FREEHOLD,CLUSTER HOUSE,398800.0,147.0,10
TAMAN DENAI HIJAU,GERIK,PERAK,FREEHOLD,TERRACE HOUSE,265000.0,189.0,10
TAMAN BUKIT TUNKU,KULIM,KEDAH,FREEHOLD,TERRACE HOUSE,383000.0,242.0,10
TAMAN ARMANI SUNGAI PANDAN 2 (PL8492),KUANTAN,PAHANG,FREEHOLD,TERRACE HOUSE,266500.0,175.0,10
ARDEN HILL @SEREMBAN FOREST HEIGHTS,AMPANGAN,NEGERI SEMBILAN,FREEHOLD,TERRACE HOUSE,614500.0,418.0,10
TAMAN KUANTAN JAYA,KUANTAN,PAHANG,LEASEHOLD,TERRACE HOUSE,285000.0,165.0,10
TAMAN RAMBAI TENGAH SENTOSA,BUKIT RAMBAI,MELAKA,FREEHOLD,SEMI D,422300.0,126.0,10
TAMAN BUKIT KEMAYAN (KEMAYAN HEIGHTS),RASAH,NEGERI SEMBILAN,FREEHOLD,SEMI D,1103000.0,335.0,10
TAMAN PERMAI INDAH FASA 2,KUALA LIPIS,PAHANG,FREEHOLD,SEMI D,326300.0,115.0,10
TAMAN PERMAI INDAH FASA 2,KUALA LIPIS,PAHANG,FREEHOLD,TERRACE HOUSE,326300.0,115.0,10
MAHKOTA IMPIAN (P/L 164414),KUANTAN,PAHANG,FREEHOLD,TERRACE HOUSE,314500.0,169.0,10
TAMAN CEMPAKA [SENAWANG],SENAWANG,NEGERI SEMBILAN,LEASEHOLD,TERRACE HOUSE,295000.0,224.0,10
TAMAN KUCAI INDAH II,LUNAS,KEDAH,FREEHOLD,SEMI D,490000.0,303.0,10
TAMAN KUCAI INDAH II,LUNAS,KEDAH,FREEHOLD,TERRACE HOUSE,490000.0,303.0,10
YARRA PARK SPRINGFIELD,SUNGAI PETANI,KEDAH,FREEHOLD,TERRACE HOUSE,357900.0,233.0,10
BB SETIA AWAN PERDANA RESIDEN 1,SITIAWAN,PERAK,FREEHOLD,CLUSTER HOUSE,220000.0,138.0,10
BB SETIA AWAN PERDANA RESIDEN 1,SITIAWAN,PERAK,FREEHOLD,TERRACE HOUSE,220000.0,138.0,10
TAMAN SUNGAI SERDANG JAYA,KAPAR,SELANGOR,FREEHOLD,SEMI D,504850.0,161.0,10
DAHLIA GARDEN,SIMPANG AMPAT,PENANG,FREEHOLD,TERRACE HOUSE,627000.0,462.0,10
TAMAN LUKUT ERA,LUKUT,NEGERI SEMBILAN,FREEHOLD,TERRACE HOUSE,418000.0,217.0,10
TAMAN SINAR PELANGI,BATU PAHAT,JOHOR,FREEHOLD,TERRACE HOUSE,594150.0,341.0,10
TAMAN PERMAI PUTEH,TRONOH,PERAK,LEASEHOLD,TERRACE HOUSE,305000.0,218.0,10
TAMAN PENAGA INDAH,PENAGA,PENANG,FREEHOLD,SEMI D,499000.0,214.0,10
TAMAN PD RESTU,PORT DICKSON,NEGERI SEMBILAN,FREEHOLD,TERRACE HOUSE,292045.0,209.0,10
TAMAN SEMARANG TROPIKA,DENGKIL,SELANGOR,LEASEHOLD,TERRACE HOUSE,640000.0,457.0,10
TAMAN PERMATANG BAIDURI,KUALA SUNGAI BARU,MELAKA,FREEHOLD,TERRACE HOUSE,334000.0,216.0,10
TAMAN JERNIH,BUKIT MERTAJAM,PENANG,FREEHOLD,CLUSTER HOUSE,414500.0,330.0,10
GLENMARIE HEIGHTS,TEBRAU,JOHOR,FREEHOLD,TERRACE HOUSE,906950.0,413.0,10
MUKIM MACHANG,MACHANG,KELANTAN,FREEHOLD,BUNGALOW,342500.0,97.0,10
KAMPUNG PANDAN DALAM,AMPANG,SELANGOR,LEASEHOLD,BUNGALOW,372500.0,128.0,10
KAMPUNG PANDAN DALAM,AMPANG,SELANGOR,LEASEHOLD,SEMI D,372500.0,128.0,10
PEKAN BARU,PARIT BUNTAR,PERAK,LEASEHOLD,SEMI D,210000.0,212.0,10
PEKAN BARU,PARIT BUNTAR,PERAK,LEASEHOLD,TERRACE HOUSE,210000.0,212.0,10
TAMAN SAUJANA HARMONI,BATU GAJAH,PERAK,LEASEHOLD,TERRACE HOUSE,288000.0,180.0,10
TAMAN SAUJANA SEKSYEN 2 (TAMAN SETIA),BUKIT KATIL,MELAKA,FREEHOLD,SEMI D,200000.0,136.0,10
TAMAN SAUJANA SEKSYEN 2 (TAMAN SETIA),BUKIT KATIL,MELAKA,FREEHOLD,TOWN HOUSE,200000.0,136.0,10
TAMAN ILMU,NIBONG TEBAL,PENANG,FREEHOLD,CLUSTER HOUSE,310500.0,251.0,10
TAMAN ILMU,NIBONG TEBAL,PENANG,FREEHOLD,TERRACE HOUSE,310500.0,251.0,10
BANDAR BARU KUANTAN PUTRI,KUANTAN,PAHANG,LEASEHOLD,TERRACE HOUSE,202500.0,159.0,10
TAMAN MELAKA BARU FASA 3A,BATU BERENDAM,MELAKA,LEASEHOLD,TERRACE HOUSE,256500.0,211.0,10
CYBERIA SMART HOMES,CYBERJAYA,SELANGOR,FREEHOLD,TOWN HOUSE,352500.0,209.0,10
PUTERI RESIDENCE,SUNGAI PETANI,KEDAH,FREEHOLD,SEMI D,420000.0,131.0,10
TAMAN RAUB JAYA 3,RAUB,PAHANG,FREEHOLD,TERRACE HOUSE,272500.0,251.0,10
TAMAN BERCHAM RAYA,TAMBUN,PERAK,LEASEHOLD,TERRACE HOUSE,194000.0,177.0,10
TAMAN ECO MEADOW,SIMPANG AMPAT,PENANG,FREEHOLD,TERRACE HOUSE,815000.0,533.0,10
TAMAN DESARIA,NILAI,NEGERI SEMBILAN,FREEHOLD,TERRACE HOUSE,310000.0,177.0,10
BANDAR TIRAM,ULU TIRAM,JOHOR,FREEHOLD,TERRACE HOUSE,580000.0,393.0,10
TAMAN FLORA HEIGHTS,PASIR GUDANG,JOHOR,FREEHOLD,TERRACE HOUSE,497250.0,286.0,10
JALAN STAMPIN,KUCHING,SARAWAK,LEASEHOLD,BUNGALOW,865000.0,274.0,10
JALAN STAMPIN,KUCHING,SARAWAK,LEASEHOLD,SEMI D,865000.0,274.0,10
DESA SALAK PEKERTI,SEPANG,SELANGOR,LEASEHOLD,TERRACE HOUSE,499500.0,200.0,10
BERJAYA PERMAI,KUANTAN,PAHANG,LEASEHOLD,SEMI D,200000.0,96.0,10
BERJAYA PERMAI,KUANTAN,PAHANG,LEASEHOLD,TERRACE HOUSE,200000.0,96.0,10
TAMAN LIP SIN,SUNGAI DUA,PENANG,FREEHOLD,TERRACE HOUSE,865000.0,596.0,10
GREENWOOD PARK,KOTA SAMARAHAN,SARAWAK,LEASEHOLD,SEMI D,341500.0,152.0,10
GREENWOOD PARK,KOTA SAMARAHAN,SARAWAK,LEASEHOLD,TERRACE HOUSE,341500.0,152.0,10
TAMAN NUSANTARA,KUALA KEDAH,KEDAH,FREEHOLD,SEMI D,347500.0,186.0,10
TAMAN NUSANTARA,KUALA KEDAH,KEDAH,FREEHOLD,TERRACE HOUSE,347500.0,186.0,10
TAMAN GUNUNG PULAI,KULAI,JOHOR,FREEHOLD,TERRACE HOUSE,318000.0,307.0,10
LAMAN INDAH 1,ISKANDAR PUTERI (NUSAJAYA),JOHOR,FREEHOLD,TERRACE HOUSE,385000.0,358.0,10
MEDAN BEMBAN MESRA,BATU GAJAH,PERAK,LEASEHOLD,TERRACE HOUSE,230000.0,164.0,10
SEKSYEN 4,PETALING JAYA,SELANGOR,LEASEHOLD,BUNGALOW,1237500.0,254.0,10
SEKSYEN 4,PETALING JAYA,SELANGOR,LEASEHOLD,TERRACE HOUSE,1237500.0,254.0,10
BUKIT SAUJANA,IJOK,SELANGOR,LEASEHOLD,SEMI D,700000.0,263.0,10
BUKIT SAUJANA,IJOK,SELANGOR,LEASEHOLD,TERRACE HOUSE,700000.0,263.0,10
TAMAN BUNGA MAWAR,KUCHING,SARAWAK,LEASEHOLD,TERRACE HOUSE,245000.0,187.0,10
TAMAN BENTONG MAKMUR,BENTONG,PAHANG,FREEHOLD,TERRACE HOUSE,460000.0,309.0,10
RPA RIMBA PANJANG,SUNGAI SIPUT,PERAK,LEASEHOLD,TERRACE HOUSE,115000.0,77.0,10
TAMAN INDAH JAYA,KLUANG,JOHOR,FREEHOLD,TERRACE HOUSE,240000.0,179.0,10
SETIA IMPIAN 7,SETIA ALAM,SELANGOR,FREEHOLD,SEMI D,789000.0,473.0,10
TAMAN SENTOSA IMPIAN,DENGKIL,SELANGOR,FREEHOLD,SEMI D,910500.0,233.0,10
TAMAN PAYA RUMPUT INDAH,PAYA RUMPUT,MELAKA,LEASEHOLD,SEMI D,235000.0,165.0,10
TAMAN PAYA RUMPUT INDAH,PAYA RUMPUT,MELAKA,LEASEHOLD,TERRACE HOUSE,235000.0,165.0,10
TAMAN BERTAM PUTRA,TANJONG MINYAK,MELAKA,FREEHOLD,TERRACE HOUSE,488000.0,311.0,10
TAMAN SRI SENAI,SENAI,JOHOR,FREEHOLD,TERRACE HOUSE,280000.0,278.0,10
TAMAN ANDALAS JAYA,KLANG,SELANGOR,FREEHOLD,TERRACE HOUSE,655000.0,410.0,10
TAMAN ANJUNG BERCHAM MEGAH,IPOH,PERAK,FREEHOLD,TERRACE HOUSE,337500.0,224.0,10
TAMAN PUNCAK JELAPANG MAJU,IPOH,PERAK,LEASEHOLD,SEMI D,290000.0,195.0,10
TAMAN PUNCAK JELAPANG MAJU,IPOH,PERAK,LEASEHOLD,TERRACE HOUSE,290000.0,195.0,10
TAMAN TIONG UNG SIEW,SIBU,SARAWAK,LEASEHOLD,TERRACE HOUSE,480000.0,272.0,10
TAMAN DESA RISHAH INDAH,IPOH,PERAK,LEASEHOLD,TERRACE HOUSE,449000.0,261.0,10
